"id","survey_lang","purpose"
"s568","ger","test"
"s903","ger","Die persönliche Einschätzung von Entscheidungen und Meinungen anderer Personen "
"s913","ger","Sprachgebrauch, Verständnis von Sprache, Gefühle; weiß man etwas wenn man richtig ist oder kann man nur glauben, dass etwas richtig ist. Kann man etwas wissen wenn man eigentlich falsch liegt. "
"s914","ger","das Leseverständnis wurde getestet "
"s920","ger","Inwieweit lassen sich Probanden, ihre Meinung, durch nicht bewiesenen Fakten beeinflussen."
"s923","ger","Ob eine Person etwas für sich als Wissen bezeichnen kann, obwohl dieses objektiv falsch ist. "
"s927","ger","Testung der Selbstsicherheit von Menschen
Leseverständnis?"
"s928","ger","thematisiert wissen, glauben und hinterfragen auf basis der wahrnehmung, ähnlich zu testimony von alvin goldman"
"s933","ger","Eventuell herauszufinden, wie unterschiedlich Menschen die Realität wahrnehmen können."
"s959","ger","Unterschied zwischen etwas glauben und etwas wissen zu erkennen. "
"s963","ger","Bin sehr gespannt, habe wirklich keine Idee"
"s967","ger","weiß man etwas oder glaubt man nur etwas zu wissen"
"s976","ger","Analyse wie Menschen bestimmte Texte auffassen? bzw wie Menschen etwas selbst in sachliche Texte hineininterpretieren?"
"s981","ger","Auffassung & Definition von Wahrheit"
"s989","ger","Das Verstehen von Texten, der Sprache"
"s990","ger","Nicht sicher aber Annahmen und Warheiten"
"s996","ger","Ich glaube, dass der Sinn der Studie darin liegt, das Bewusstsein über die Bedeutungen der Formulierungen """"""""glauben"""""""" und """"""""wissen"""""""" zu definieren."
"s1013","ger","Lesekompetenzen"
"s1038","ger","Keine Ahnung"
"s1042","ger","Erfassung verschiedener Auffassungen und Interpretierungen von Situation"
"s1046","ger","keine Ahnung"
"s1071","ger","Verständnis für sprachlichen Ausdruck"
"s1079","ger","über die Relevanz subjektiver Sichtweisen und deren Wechselwirkung"
"s1086","ger","Unterschied etwas zu glauben oder davon überzeugt zu sein es zu wissen"
"s1087","ger","Untersuchung der wahrgenommenen Wahrscheinlichkeit von Ereignissen aufgrund von gegebenen/nicht gegebenen Informationen zur Situation bzw. den Personen"
"s1105","ger","Denkmuster von Menschen. Wie voreingenommen sind wir von unserer subjektiven Wahrnehmung."
"s1119","ger","Was wird als absolute Aussage interpretiert?"
"s1155","ger","Tieferes Verständnis erzeugen. "
"s1174","ger","Verhaltensforschung"
"s1180","ger","TEST"
"s1181","ger","TEST"
"s1249","ger","Vielleicht die Lesekonzentration oder das Leseverständnis zu untersuchen

Oder die Art und Weise wie man das gelesene und die Fragen auffasst."
"s1250","ger","Die Wahrnehmung bei allgemein formulierten """"""""Geschichten"""""""" des Menschens zu erheben."
"s1253","ger","Das Sprachverständnis und Textverständnis zu überprüfen."
"s1256","ger","Wahrnehmung (subjektiv)"
"s1261","ger","Subjektives Bewerten von Situationen"
"s1275","ger","sind die Einschätzung eines Objekts vermutungen oder wissen wir es wirklich"
"s1285","ger","Unterscheidung zwischen Schein und Wirklichkeit"
"s1299","ger","Sich in andere hineinzuversetzen "
"s1300","ger","Sprache verstehen bzw. interpretieren"
"s1302","ger","Der Zweck war vielleicht, das richtige Lesen von Texten, Gedächtnisleistung und Einschätzen von Motiven der Personen und deren Glaubhaftigkeit (bzw. wie sicher die Protagonisten mit ihren Aussagen waren)."
"s1303","ger","Festzustellen, wie verschiedene Menschen verschiedene Situationen einschätzen oder wahrnehmen"
"s1306","ger","Um zu sehen wie man getäuscht wird ohne es zu wissen"
"s1311","ger","Sprache und Verständnis des Ausdruck beim Empfänger einer Botschaft untersuchen,"
"s1313","ger","Da ich davon ausgehe, dass es sich um eine psychologische Studie handelt, dann würde ich sagen, dass es sich um eine Art Erfassung bzgl. der Wahrnehmung handelt. Also vermute ich, dass es sich um eine phänomenologische Studie handelt, deren Zweck das Erfassen verschiedener Wahrnehmungsstrukturen ist. "
"s1321","ger","wohl keine eichhörnchenstudie"
"s1324","ger","Leseverständnis überprüfen, verschiedene Perspektiven wahrnehmen"
"s1336","ger","Konzentration zu messen"
"s1354","ger","wie Sprache Wissen beeinflusst"
"s1373","ger","ich glaube, dass es bei der Studie um das Auffassen von Texten geht, die komplexer sind und auch verschieden gedeutet werden können. "
"s1738","ger","Vielleicht Leseverständnis und Logik zu messen."
"s1739","ger","Der Versuch, eine bestimmte Sichtweise auf Sachverhalte zu beeinflussen. Die ersten zwei Szenarien sollten dazu dienen, aufzuzeigen, dass Menschen glauben viele Dinge zu wissen obwohl dies nicht immer der Fall ist. Das dritte Szenario hatte so wie die ersten beiden Szenarien keinen extra Absatz, in dem stand, dass was der Protagonist des Szenarios dachte, falsch war. Trotzdem fühlte man sich dazu verleitet zu glauben, dass auch in diesem Szenario der Protagonist irgendeinen Fehler gemacht bzw. eine falsche Annahme gemacht hatte. "
"s1775","ger","Situationen werden aus unterschiedlichen Sichtweisen betrachtet (manchmal ohne dass man alle Einzelheiten kennt) - ich glaube der Zweck der Studie ist es herauszufinden, was die Wahrheit für die einzelnen Personen ist. "
"s1784","ger","Ziel ist herauszufinden, wie genau der Text gelesen und verstanden wird"
"s1822","ger","Ich denke das Ziel ist herauszufinden, wie Menschen schlussfolgern und wie sie zu Entscheidungen kommen."
"s1843","ger","TEST"
"s1844","ger","TEST"
"s1871","ger","irgendwas mit wissensentstehung vielleicht?"
"s1905","ger","Wissen und Philosophie?"
"s1906","ger","Text- bzw. Sprachverständnis"
"s2033","ger","Wie die Angabe von Informationen Antworten beeinflussen."
"s2989","ger","TEST"
"s3443","ger","TEST"
"s3444","ger","TEST"
"s3502","ger"," -Umgang mit Sprache "
"s3503","ger","Ich bin mir nicht sicher"
"s3504","ger","Ob Mann oder Frau Kompetenz zugeordnet werden, aufgrund der Optionen """"""""vorhandene Kenntnise"""""""" oder """"""""glückliche Umstände"""""""""
"s3505","ger","Die Untersuchung von Sprache ist der Zweck der Studie."
"s3507","ger","Sprachverstehen"
"s3515","ger","Um zu gucken wie sich die Menschen Konzetrieren um kleine und nicht schwere Aufgaben zu lösen."
"s3518","ger","Einfluss von Sprache auf die Entscheidung "
"s3521","ger","Einschätzung der objektiven Wahrnehmung von neutralen Personen in Abhängigkeit von gegeben Informationen des Lesers"
"s3523","ger","Keine Idee"
"s3524","ger"," - Wie werden Aussagen verstanden
- Wird die Bedeutung der Aussagen verstanden, die auch gemeint war."
"s3525","ger","Ich denke, der Zweck der Studie ist zu zeigen, dass man mit ähnlich beschriebenen Situationen, die sich nur in ein paar Wortwahlen unterscheiden, differenziert interpretiert."
"s3527","ger","Ich glaube, dass der Zweck der Studie ist herauszufinden, wie genau Leute Texte und Fragen lesen und diese dann beantworten. "
"s3530","ger"," - Auffassungsgabe überprüfen
"
"s3531","ger","Zu Hinterfragen, ob die Formulierung einer Aussage beeinflußt, ob es glücker Zufall oder mangelnde Kenntnisse sind, die die Handlungen der beschriebenen Personen beinflußt haben"
"s3532","ger","inwieweit man seinen eigenen Aussagen widerspricht"
"s3551","ger","herauszufinden, wie Menschen auf verschiedene Szenarien mit bestimmten Antworten reagieren (also welche genauen Wörter sie verwenden würden in den jeweiligen Situationen)"
"s3552","ger","Herauszufinden, inwieweit die Tatsache ob jemand richtig oder falsch mit einer Äußerung liegt, beeinflusst welche Kompetenzen man ihm zuspricht und für wie berechtigt man einen Fehler hält. Die Reihenfolge der Fälle könnte auche eine Rolle spielen"
"s3556","ger","Ich denke es geht darum, wie die Verwendung von Sprache in Texten die eigene Sichtweise auf einen Gegenstand beeinflusst."
"s3570","ger","TEST"
"s3571","ger","Situationen zu finden in denen ich sagen würde die Einschätzung der genannten Person ist unbegründet bzw. in denen ich abweiche von er weiß oder er glaubt zu wissen."
"s3573","ger"," - ob ich richtig lesen kann
- rollenverhältnisse durch sprachen austrciksen 
"
"s3577","ger","Wie unterschiedlich verschiedene Formulierungen wahrgenommen werden"
"s3578","ger","Wirkung von Sprache erforschen"
"s3579","ger","Sprachverständnis"
"s3587","ger","TEST"
"s3589","ger","Das Erforschen darüber, wann man wirklich sagen kann, ob eine Person etwas weiß oder nur denkt, ob es so ist"
"s3590","ger","herausfinden, wie wir Texte verstehen, ob wir das gemeinte auch richtig verstehen"
"s3591","ger","Herauszuarbeiten, wie bestimmte Wöprter verwendet werden und was eigentlich damit gemeint ist, wenn man von """"""""wissen"""""""" bzw. """"""""glauben"""""""" spricht "
"s3592","ger","Vielleicht ist der Zweck der Studie, herauszufinden, wie man Texte deutet und wie man Sprache im Allgemeinen verstehen kann."
"s3594","ger","Zweck der Studie ist herauszufinden, wie Menschenm lesen und was sie aus dem Gelesenen verstehen. Dabei gehen viele verschieden Interpretationsmöglichkeiten hervor."
"s3595","ger","Die Auffassungsgabe von Sätzen und deren Struktur und Gliederung nachzugehen."
"s3601","ger","Ziel der Studie könnte es gewesen sein, herauszufinden, wie sehr der Glaube darüber einen Sachverhalt verstanden zu haben, die weitere Urteilsbildung beeinflusst."
"s3603","ger","Formulierungen und ihre Funktion auf die Beurteilung des Lesers über den Inhalt "
"s3607","ger","Herauszufinden, inwiefern wir die Verantwortlichkeit für unsere Wahrnehmung von der Art der Fragestellung abhängig machen."
"s3608","ger","Hermeneutische Funktionsweise oder die Beurteilung von Wahrheit anhand von Grenzfällen zu untersuchen"
"s3615","ger","Attribution von richtigen oder falschen Einschätzungen je nach Situation auf vorhandene/fehlende Kenntnisse (intern) oder unglückliche/glückliche Zufälle (extern)"
"s3617","ger","Einfluss von (zusätzlichen) Informationen auf die Urteilsfähigkeit  und Plausbilität von Informationen, "
"s3625","ger","Herauszufinden wir Sprache funktioniert und wie der Kontext den Inhalt beeinflusst"
"s3628","ger","Herauszufinden, welche Wörter/ Redewendungen für das Verständnis beitragen um allgemein gültige Aussagen treffen zu können"
"s3633","ger","Unterschiede von Expertenmeinung zu Laienmeinung
Kommunikationsstrategien zur besseren Unterscheidung und Vermittlung von Wissen oder Vermutungen
ggf geschlechtsspezifische Unterschiede (eher unwahrscheinlich)"
"s3637","ger","Zu unterschieden wie sicher Wissen Personen zugeschrieben wird."
"s3640","ger","inwiefern Verschiedene Worte oder Satzstellungen die Wahrnehmung einer Situation beeinflussen können"
"s3643","ger","erkennen wo der grad zwischen unwissenheit und wahrheit lliegt "
"s3647","ger","keine Ahnung"
"s3720","ger","Die eigene Sprachfähigkeit und Interprätation zu prüfen"
"s3721","ger","Eine klarere Begriffsdefinition für Glaube vs. Wissen zu finden."
"s3724","ger","Die Informationen, die in dem Text gegeben sind, könnten bei einigen der Fragen für beide Antwortmöglichkeiten sprechen. Ich denke, es geht darum, wie Menschen die gegebenen Informationen auf sprachlicher Ebene unterschiedlich wahrnehmen können."
"s3725","ger","Testen von Aufmerksamkeit und Interpretation von Worten, die unterschiedlich aufgefasst werden können."
"s3728","ger","wissen und glauben zu untersuchen"
"s3729","ger","Auswirkungen der Sprache auf Glaubwürdigkeit"
"s3730","ger","Der Zweck der Studie war herauszufinden wie Sprache bzw. verschiedene Formulierungen in einem Text der Wahrnehmung des Lesers beinflussen."
"s3732","ger","Wie schnell Menschen kleine Details übersehen bzw. wie schnell jemand glaubt etwas zu wissen ohne sich wirklich sicher sein zu können."
"s3733","ger"," - Testen der Konzentration und dem Textverdtändniss"
"s3738","ger","
konzentration Aufmerksamkeitstests, vergleiche zw. ersten und letzten Fragestellungen (unbewusstest Erlernen der Frage/Antwortmethodik)"
"s3739","ger","Wie Sprache verstanden wird und wie aufmerksam Texte gelesen werden."
"s3744","ger","Verständnis gegenüber einer bestimmten Situation aufzuweisen und den unterschied zwischen Wissen und Glauben zu realisieren und zusätzlich zu schauen, wann man welchen Begriff wie anwendet"
"s3745","ger","Zu erkennen, wie aufmerksam Menschen lesen und welche Informationen wahrgenommen werden"
"s3754","ger","Zweck dieser Studie ist das ermitteln von Gedankengängen und wie Personen mit """"""""Sprache"""""""" umgehen  und Texte interpretieren. "
"s3755","ger","Sprachliche Feinheiten in der Aussagekraft zu überprüfen und zu identifizieren, um Kommunikationsstörungen zu vermindern."
"s3756","ger","Die Studie hat etwas mit Psychologie zu tun."
"s3757","ger","Den Gedankengang der Person nachzuvollziehen, in dem sie durch den letzten Satz in den Geschichten verwirrt wird."
"s3760","ger","Das Verstehen und Merken von gelesenen Texten."
"s3762","ger","richtige sprachkenntnisse herauszufinden"
"s3764","ger","Die Überprüfung von Studienteilnehmer*innen bezüglich des aufmerksamen Lesens."
"s3766","ger","Herauszufinden wie eindeutig Personen, verschiedene Situationen wahrnehmen."
"s3767","ger","Herauszufinden, was für Zwickmühlen in einigen leichten Sätzen stecken können, eher wie die Menschen auf diese Sätze reagieren"
"s3771","ger",".-"
"s3772","ger","Vielleicht, wie Menschen lesen und wie sie das Gelesene konstruieren und verarbeiten."
"s3773","ger","Möglicherweise der Bedeutung der Wörter """"""""wissen"""""""" und """"""""glauben"""""""" für die Studienteilnehmer auf den Grund zu gehen. "
"s3775","ger","Es muss irgendwas mit der sprachlichen Formulierung von bestimmten Sachverhalten zu tun haben und wie sie aufgenommen werden. Wann ist etwas echt und wann nicht und wo sind die Grenzen zwischen sein und erscheinen."
"s3776","ger","Wie Sprache verstanden wird. Beziehungsweise die genaue auslegung der Worte. "
"s3777","ger","Ich denke dass die Studie etwas damit zu tun hat, inwiefern sich Aufbau und Ausdrucksweise, Wortwahl etc. des Textes auf die Verständlichkeit und daraus resultierende richtige Antworten auf die textbezogenen Fragen auswirkt"
"s3779","ger","Sie möchten untersuchen, ob die Probanden das Ding-Ansich erkennen können. Leider kann der Proband immer nur die Erscheinungen dessen erkennen."
"s3783","ger","Es handelt sich um eine psycho-linguistische Studie in der Tradition einer bestimmten Denkschule der Erkenntnistheorie, auf die sich u.a. auch Michel Foucault oder auch GendertheoretikerInnen in ihren Arbeiten beziehen, deren Name mir allerdings grad nicht einfällt."
"s3784","ger","Erforschung von Sprache "
"s3785","ger","Vielleicht die Untersuchung der Wahrnehmungen von Menschen beeinflusst durch bestimmte Informationen "
"s3786","ger","Rauszufinden, wie Menschen Dinge verstehen und sie für sich interpretieren und wie es mit der Realität zusammenhängt"
"s3787","ger","Zu untersuchen wie Wissen eingeschätz wird, wenn Jemand zufällig mit etwas richtig liegt ohne sicher sicher zu sein vs. wenn jemand zufällig nicht richtig liegt, obwohl die Person sont Recht hätte."
"s3788","ger","Interpretation von Wissen und Glauben"
"s3790","ger","verbales Verständnis von Fiktion und Wirklichkeit"
"s3792","ger","Die Überprüfung des Verständnisses der Texte im Bezug auf gegebene Fakten."
"s3793","ger","ob die Absichzen von einem Mensch richtig geschätzt werden kann"
"s3794","ger","die Verwendung der Sprache hinsichtlich wissen und glauben etwas zu wissen zu erforschen in Bezug dazu, wie viele bzw. welche Informationen den Personen vorgelegen haben"
"s3796","ger","Verständnis von Sprache"
"s3797","ger","Merkfähigkeit, Kurzzeitgedächtniss "
"s3798","ger","Verstehen von gelesenden Inhalten und Anwendung auf neue Fragestellungen
Einschätzungen von Fallbeispielen"
"s3799","ger","Meiner Meinung nach könnte die Studie den Zweck haben, dass Lese- und Sprachverständnis der Teilnehmer zu analysieren, wie diese mit verschiedenen Wörtern die Situation anders deuten"
"s3803","ger","Die Genauigkeit des lesens zu analysieren"
"s3805","ger","Der Unterschied von Wissen und Gkauben im Bezug auf richtige oder falsche Tatsachen"
"s3809","ger","Forschung über Sprache. Vielleicht über die genauigkeit vom Lesen oder wie verschiedene Situationen verschieden eingeschätzt werden."
"s3811","ger","Entscheidungen, aufmerksames lesen."
"s3813","ger","Skeptik, Unwissentliche Fakten falsch interpretieren, """"""""fake facts"""""""""
"s3819","ger","Verschiedene Interpretationen oder Sichtweisen erforschen"
"s3820","ger","<herausfinden inwiefern bestimmte Wörter die Auffassung eines Umstands verändern"
"s3821","ger","keine ahnung"
"s3822","ger","Wie funktioniert Sprache?"
"s3824","ger","Schuld einschätzung"
"s3825","ger","Untersuchung, welcher Einfluss die verschiedenen Szenarien und die Formulierung auf unsere Einschätzung haben"
"s3827","ger","beieinflussen der Testperson durch die Darstellung der Szenearien"
"s3880","ger","Meiner Meinung nach, ist der Zweck der Studie das Testen der Teilnehmer auf ihre Aufnahmefähigkeit, Merkfähigkeit und Wahrnehmung von verschieden Situationen."
"s3881","ger","Die unterschiedlichen Interpretationsmöglichkeiten zu analysierne"
"s3882","ger","Herauszufinden, aus welcher Perspektive der Leser auf die Fragen antwortet. Schaut der Leser aus der Perspektive des Charakters, dann weiß er etwas. Zumindest hat er diese Erkenntnis. Von außen betrachtet ist immer anzunehmen die Person glaubt zu wissen."
"s3884","ger","Zweck dieser Studie solll die Wirkung der Sprache auf den Leser untersuchen. Dieser wird mit verschiedenen Personen/Umständen und Konstellationen konfrontiert und soll ausgehend dieser Parameter seine Meinung zu diesen äußern. "
"s3885","ger","Anwendung der Sprache"
"s3888","ger","Wie Sprache in verschiedenen Situationen verwendet wird und Betrachtung von einer anderen Person aus "
"s3890","ger","Das Leseverständis und die Merkfähigkeit von Studenten herausfinden"
"s3896","ger","Missverständnisse in der Komunikation aufdecken"
"s3897","ger","Der Zweck der Studie war das Analysieren der Sprache."
"s3901","ger","Bei vielen Zwists im Kontext den Überblick zu behalten und Menschen dabei einzuschätzen"
"s3904","ger","Im Nachhinein betrachtet war der Zweck der Studie der, dass man entscheiden musste, aus welcher Sicht die gestellten Fragen zu beantworten waren."
"s3905","ger","Sprachliche Abstimmung um z.B. Verträge für jeden verständlich zu gestalten, sodass es keine Missverständnisse gibt"
"s3917","ger","Verständnis von Sprachen."
"s3918","ger","Wie funktioniert Sprache"
"s3919","ger","Leider wurde mir der Zweck und der Sinn nicht zu 100% ersichtlich. 
Es könnte sich um Einschätzungen handeln..."
"s3921","ger","Welche Rückschlüsse lassen sich durch sorgfaltiges Lesen oder unkonzentriertes Lesen ermitteln"
"s3922","ger","Herauszufinden, inwiefern Informationen gefiltert werden."
"s3928","ger","Entweder zu prüfen, wie eindeutig die Erzählung der am Anfang beim Lesenden verankert wird und was für Entscheidungen dieser aufgrund dessen trifft oder zu prüfen, wie der Bewertungsmaßstab der Lesenden ist für diese Szenarien getreu dem Motto """"""""Unwissenheit schützt vor Strafe nicht"""""""". "
"s3930","ger","Vergleichen wie man sich in die Denkweise anderer Personen hereinversetzen kann"
"s3935","ger","Ich denke, dass es einerseits um das Leseverständnis ging und zum Anderen darum einzuschätzen ob etwas aus unglücklichen Umständen, von denen der Betroffene nichts wissen kann oder um fehlende Kenntnisse ging. Man musste sich dafür in die Lage der Person hineinversetzen  und überlegen welche Kenntnisse die Person hatte und welche nur für den Leser zugänglich sind."
"s3936","ger","Der Zweck ist es herauszufinden, wie Menschen Aussagen bzw. einen Text unterschiedlich auffassen. "
"s3937","ger","...:)"
"s3939","ger","Zu gucken wie Sprache funktioniert"
"s3945","ger","Leseverhalten zu analysieren. ggf. auch Medien und Nachrichtenauswirkungen"
"s3946","ger","Die sprachliche Distinktion, ab wann etwas als """"""""Wissen"""""""" interpretiert wird, im Vergleich zum """"""""Glaube, etwas zu wissen""""""""."
"s3947","ger","textverständnisse zu analysieren"
"s3960","ger","Wie verwirrend ist es für einen Menschen zu erfassen, was er gelesen hat und das anschließend einzuschätzen, wenn es in den jeweiligen Texten selbst Personen gibt, die vermuten, das Richtige zu sehen, aber getäuscht werden?"
"s3963","ger","inwieweit die Formulierungen einfluss auf unser verständniss von texten habe nund wie sicher wir uns dabei fühlen"
"s3969","ger","Rausfinen, wie verschieden Menschen Sachverhalte aufgreifen und interpretieren? Vor allem, wie Sprache interpretiert wird? Ich denke verschiedene Antworten sind hier richtig gewesen, vielleicht gab es garkein Richtig oder Falsch"
"s3970","ger","Die Auswirkung der jewahligen Situation auf meine Antworten. Vermutlich auch wie die Texte gschrieben waren und wie sich das auf meine Antworten ausgewirkt hat."
"s3972","ger","In der Studie geht es darum, textverständnis zu testen."
"s3973","ger","Der Zweck der Studie ist es die kognitiven Kompetenzen abzufragen. Wie gut kann ich mir bestimmte Dinge merken wie genau lese ich mir Texte durch? 
"
"s4218","ger","das verständnis von sprache in kombination mit wissen zu erforschen"
"s4222","ger","Sprache & Verstehen"
"s4224","ger","Perspektive auf Situation durch die Charaktere oder den Leser."
"s4225","ger","Unterschied zwischen wissen und denken"
"s4226","ger","Zu erforschen, welche Wörter welche Antworten erzeugen können."
"s4256","ger","Meiner Meinung nach ist das genaue Lesen der Zweck dieser Studie"
"s4257","ger","einfluss von gleicher sprach in unterschiedlichem kontext 
"
"s4260","ger","Die verschiedenen Ansichten der leute die einen Text lesen herauszuarbeiten"
"s4266","ger","Nicht über Sprache, wie behauptet, sondern eine Studie zur Einschätzung der Vorurteile und Entscheidungsfindung durch (vermeidlich) überlegenes Wissen."
"s4268","ger","Inwiefern Wissen von Glauben unterscheidbar ist. Vmtl wichtig für das Thema Fake News"
"s4273","ger","Der Zweck der Studie ist es herauszufinden, wie Sprache versatnbden/interpreatatiert wird."
"s4277","ger","Wie gründlich liest man und merkt sich die Inhalte. Welche Formulierungen sind bei den Antworten zu beachten. Die Formulierung ist wichtig, um die richtige Antwort zu geben."
"s4279","ger","Kein Plan. Irgendwas mit sprachforschung oder so, vll auch um zu gucken ob die leute gewissenhaft studien ausfüllen :D"
"s4282","ger","Aufgabenbereich des Studiums. Es heißt meiner Meinung nach nicht umsonst Studium. Es ist dafür da, wissenschaftlich heranzugehen und da gehören Umfragen/Studien nunmal dazu."
"s4285","ger","Unterschied zwischen Wissen und glauben anhand von Sprache feststellen"
"s4327","ger","Durch aufmerksames Lesen und im diesen Falle, durch die richtige Definition von Wissen und Glauben, diese Fragen beantworten zu  können."
"s4329","ger","Ich bin mir unsicher, allerdings vermute ich, dass es etwas mit der Un-/wahrheit im täglichen Sprachgebrauch zu tun hat; inwiefern man Unwissen von Wissen unterscheiden kann und inwiefern es """"""""legitim"""""""" ist, etwas zu behaupten, ohne essenzielle und überzeugende Argumente zu haben. "
"s4332","ger","Verständnis der deutschen Sprache"
"s4337","ger","Die Wahrnehmung und Einschätztungen von Situationen und welchem Einfluss die Ausdrucksweise auf die Wahrnehmung hat."
"s4341","ger","klar und unkompliziert"
"s4344","ger","Zu schauen wie ernst Menschen Studien nehmen"
"s4346","ger","inwieweit man die Sprache bei einem Szenario verstehen/identifizieren kann"
"s4349","ger","Sprachverständnis"
"s4350","ger","Eindruck von zufälligen ergeinissen, welches eine meist wahre Aussage ergeben. Er sollte der Eindruck von uns Teilnehmer in eine Sachverhalt bewertet werden, also unsere Wahrnehmung "
"s4351","ger","wie  evtl. bestimmte Formulierungen zu anderen Einschätzungen ähnlicher Situationen führen können"
"s4353","ger","Unterschied zwischen """"""""glauben"""""""" und """"""""wissen"""""""""
"s4354","ger","Herauszufinden wie Menschen spezifische Situationen, die in einer bestimmten Wortwahl erzählt wird, interpretieren."
"s4357","ger","herrauszufinden wie die darstellung eines textes das wahrheitsempfinden beeinflußt."
"s4368","ger","Konzentration von Leseaufgaben zu überprüfen"
"s4369","ger","Um den Unterschied zwischen der Realität der handelnden Person und der wirklichen Realität aufzuzeigen."
"s4373","ger","Irgendwas mit Sprache und der Motivation, daraus die Studie zu absolvieren."
"s4377","ger","Ich gehe davon aus, dass es in der Studie um die Terminolgie und dem Verständnis von Wissen bzw. Glauben geht und in wie weit diese Begriffe durch Vorwissen beeinflusst werden."
"s4381","ger","Aufmerksamkeit testen und Sprach- bzw Leseverständnis von verschiedenen Personen testen"
"s4385","ger","Wie Texte und Wörter unterschiedlich von Menschen verstanden werden"
"s4387","ger","Um herauszufinden, ob Menschen genau lesen und die Zusammenhänge richtig erkennen."
"s4403","ger","Um Festzustellen, wie sich die Einstellung der Probant*innen zu  wissen und glauben verändert.  "
"s4503","ger","Herausfinden wie aufmerksam Menschen lesen"
"s4505","ger","Mal etwas anderes"
"s4506","ger","Psychologisches experiment"
"s4507","ger","Ich glaube, dass es nicht um die Fragen an sich ging sondern das Verhalten der Probanden bei Studien."
"s4509","ger","Die Entwicklung der Sprache "
"s4516","ger","weiß ich nicht"
"s4519","ger","Verstehen, wie das Textverständis bei kurzen Texten abläuft."
"s4523","ger","herauszufinden, wie die Wortewahl und die Art und Weise wie wir sprechen unsere Überzeugung beeinflussen"
"s4529","ger","Wie man Situationen einschätz, ob man etwas mit sicherheit weiß oder sich häufig unsicher in seiner MEinung ist und das sprachlich wieder gibt"
"s4530","ger","Vlt haben die fragen die man beantwortet hat wirklich was mit einer Studie zu tun. Es könnte aber auch sein das die Fragen dazu da waren um eigentlich ganz andere Daten zu erheben. Naja ich werde es nicht heraus finden"
"s4531","ger","Lese-Text-Verständnis, Analyse von """"""""meinen"""""""" und """"""""glauben"""""""""
"s4533","ger","Ich hab echt nur vage Ideen, aber vielleicht wie unterschiedliche Perspektiven (aufgrund von unterschiedlichem Hintergrundwissen) unsere Perzeption von Wahr / Falsch und Wissen / Glauben beeinflussen."
"s4534","ger","Die Studie könnte sich mit vagen Formulierungen, insbesondere """"""""glauben"""""""" beschäftigen. Hier könnte der Unterschied in der Wahrnehmung von formulierten reinen Annahmen und Wissen, das auf Fakten basiert, untersucht werden."
"s4535","ger","Ich denke der Zweck dieser Studie ist nachzuvollziehen wie Teilnehmer die gelesenen Texte verstehen und wahrnehmen. "
"s4540","ger","Die Denkweise der Menschen auf ihr eigenes Wissen und das Wissen der Protagonisten zu erforschen und zu analysieren."
"s4546","ger","Erkläre, wie Menschen fehlenden oder falsche Informationen wahrnehmen und welche Logik sie den daraus entstandenen Sachverhalten zuschreiben."
"s4560","ger","Herauszufinden wie andere Menschen über Situationen von anderen Menschen urteilen/einschätzen"
"s4567","ger","Für wie qualifiziert hält man bestimmte Pesonen? Wieviel Einfluss übernimmt die Beschreibung einer Person?"
"s4569","ger","Das richtige Leseverständis zu fördern und die Erfassung von Texten zu überprüfen. "
"s4570","ger","Textverständnis und Aufmerksamkeit beim Lesen eventuell."
"s4571","ger","Eventuell, herauszufinden, ob Dinge, die man zu wissen glaubt, weil man getäuscht wird oder kenntnislos ist, in dieser bestimmten Situation real sind. "
"s4572","ger","Den Unterschied zwischen glauben und wissen herrausfinden bzw wie die beiden Wörter verstanden werden."
"s4573","ger","Inwiefern Personen Aussagen treffen, trotz des Mangels ihrer Kenntnisse/Erfahrungen"
"s4574","ger","Ich denke, dass man herausfinden möchte, wie die Änderung von Tatsachen, jemanden Täuschen oder nicht täuschen können. Es war manchmal sehr schwierig zu sagen, ob die Dinge jetzt so sind, oder ob diese sich stark geändert haben, aufgrund der Umstände. "
"s4575","ger","Leseverständnis, subjektive Wahrnehmung beim Lesen von Texten"
"s4578","ger","Möglicherweise zur Analyse von unterschiedlichen Textverständnissen zwischen Menschen."
"s4581","ger","Ich denke, dass die Studie die verschieden Ansichten und die Meinungsverschiedenheit vieler Menschen aufzeigt."
"s4582","ger","Unterschiedliche/-s Wahrnehmungen/Verständnis von Sprache "
"s4583","ger","Kann es nicht beschreiben I'm sorry "
"s4584","ger","Meine Meinung nach Zweck dieser Studie ist , wie viel man ,,im Kopf,, behält nach dem mn ein rm Teks gelesen hat, wie lange danach ist man in der Lage auf die Fragen zu beantworten."
"s4586","ger","bei fast immer gleicher ausgangslage andere antworten zu erwarten.
ausserdem die selbstsicherheit der Teilnehmer durch einen verschiedene antwort möglichkeiten 
auf die gleichen fragen zu testen"
"s4589","ger","Es könnte erforscht werden, wie Menschen auf Unterschiedliche Geschichten reagieren (hinsichtlich der Einschätzung der Begrübdetheit)"
"s4591","ger","Rauszufinden ob die Antworten beeinflusst werden, wenn der Leser weiß, ob sich die Person im Text täuscht oder nicht."
"s4593","ger","Herauszufinden, mit welchen Informationen wir wie sicher sind in unseren Entscheidungen"
"s4594","ger","Leseverständnis "
"s4599","ger","Die Studie könnte dazu da sein, herauszufinden, ob Menschen den Wahrheitsgehalt in Aussagen oder Erzählungen mithilfe bestimmter Formulierungen oder bestimmter Wortwahl, besser oder schlechter erkennen können (bsp. bei Fake News)."
"s4601","ger","Ein Bild darüber zu erstellen, wie Menschen zwischen Wissen und Glauben unterscheiden."
"s4636","ger","TEST"
"s4676","ger","Schnelles Verarbeiten von Informationen, Abschätzen von nicht eindeutigen Informationen."
"s4680","ger","Weiß ich nicht, Textverständnis?"
"s4685","ger","TEST delete data "
"s4687","ger","Wirkung von Sprache"
"s4690","ger","siehe die vorige seite"
"s4695","ger","Es scheint mir, dass die Studie sollte herausfinden, wie ich die beschriebene Situation wahrnehme und wie ich aus der Formulierumgen einschätzen kann, was die Person in der Geschichte denkt oder weßt."
"s4701","ger","die genaue Leseaufmerksamkeit zu testen"
"s4706","ger","Unterschiede glauben/ wissen im Kontext mit Fachpersonen."
"s4707","ger","Ich vermute, dass es darum geht, das Problem, missverständlich gestellte Fragen in Klausuren u.a. zu verbessern und um sich über die Lesegenauigkeit der Teilnehmer einen Überblick zu verschaffen."
"s4708","ger","Erzählweisen beeinflussen die Einschätzung eigentlich gleicher Sachverhalte, Framing"
"s4709","ger","Die Studie soll aussagen, wie Menschen sich in Bezug auf verschiedene Situationen ausdrücken. Menschen glauben oft, etwas zu wissen, obwohl sie viele Dinge """"""""nur"""""""" glauben."
"s4711","ger","Keine Ahnung"
"s4718","ger","Beeinflussung von Sprache"
"s4721","ger","Die Wahrnehmung derMenschen zu testen. "
"s4723","ger","getroffene Entscheidungen einschätzen können"
"s4730","ger","Wirklichkeitskonstruktion"
"s4731","ger","Die Funktion der Sprache herauszufinden."
"s4732","ger","einen Eindruck darüber verschaffen, was für Unterschiedliche Eindrücke Menschen in verschiedenen Situation haben"
"s4733","ger","Lesekompetenz prüfen"
"s4734","ger","Verständnis von Sprache"
"s4736","ger","was denken wir bloß zu wissen und was wissen wir wirklich"
"s4739","ger","Herauszufinden ob das wort wissen objektiv oder subjektiv gemeint ist und wie unter welchen umständen"
"s4740","ger","Herausfinden, wie man Marketing gezielter einsetzen kann"
"s4742","ger","verständnis der sprache und generelles textverständnis"
"s4744","ger","Perspektiveinnahme von Figuren
subjektivierte Involviertheit
Einschätzen von Situationen"
"s4745","ger","Wie Menschen über bestimmte Schverhalte denken"
"s4746","ger","Einschätzung von Texten und Personen in unterschiedlichen Blickwinkeln"
"s4747","ger","zu verdeutlichen, wie Umstände unsere Wahrnehmung beeinflussen können"
"s4748","ger","Zur Forschung wie aufmerskam die Texte gelesen wurde, obwohl woher gesagt wurde, dass man gründlich lesen soll"
"s4749","ger","Der Zweck dieser Studie könnte sein zu schauen, wie genau der Teilnehmer gelesen hat und wie verständlich die Fragen waren, weil  es offensichtlich immer nur eine richtige Antwortmöglichkeit gab."
"s4750","ger","inwieweit man durch sprache feststellen glück/unglück/Schuldzuweisung feststellen kann"
"s4751","ger","Logik und Abstraktionsvermögen prüfen"
"s4752","ger","Sprachverständnis"
"s4755","ger","Ob man die Fragen Anhand des Wissens des Protagonisten beantwortet oder den gesamten Hintergrund nutzt."
"s4759","ger","Lese verstehen von Schlüssel und Füllwörtern"
"s4760","ger","Ich denke, es geht um die Funktion der Sprache"
"s6163","ger","TEST"
"s7523","ger","ÖSDJFGsöFGJ"
"s7525","ger","äpegjmdg"
"s7526","ger","s,mfbwe ar"
"s7527","ger","löskdfnw-er#"
"s7528","ger","#öoefsnwletkb-w töw"
"s7858","ger","Erinnunerungsvermögen/ Auffassungsvermögen testen"
"s7876","ger","Aufmerksamkeit zu prüfen und zu Prüfen, ob man Aussagen richtig versteht"
"s7991","ger","Kognition und Wahrnehmung"
"s7992","ger","k.A"
"s8155","ger","Sprachverständnis und Spracheinschätzung"
"s8305","ger","Genaues Lesen vielleicht ?!"
"s8306","ger","Ob Informationen richtig gelesen und eingeschätzt werden "
"s8308","ger","Eine Gegenüberstellung von Wissen und Glauben.  Es soll verdeutlicht werden wie wichtig der Besitz vollständiger Informationen sein kann."
"s8315","ger","Vielleicht wird untersucht wie aufmerksam Probanden die Texte lesen. "
"s8323","ger","Sprache zu erforschen "
"s8342","ger","Die Tatsachen und Fakten durch geschickte Wortwahl zu verdrehen."
"s8358","ger","Das unterschiedliche Verständniss des Textes der einzelnen Teilnehmer und die damit verbundenen unterschiedlichen Resultate zu analysieren."
"s8367","ger","Verständnis von Sprache . "
"s8377","ger","Wie und wodurch wird der Leser von Berichten beeinflusst in seiner Meinung.
"
"s8379","ger","Keine Ahnung"
"s8397","ger","interessante Fragestellungen"
"s8404","ger","Wie können bestimmte Sachverhalte aus verschiedenen Perspektiven ubnterschiedlich interprertiert oder wahrgenommen werden"
"s8435","ger","Man möchte die verschiedenen Denkweisen betrachten"
"s8445","ger","Nicht der zuvor angegebene. "
"s8451","ger","Wie verschiedene Menschen Situationen einschätzen. Ob Sie eher nur vermuten der Protagonist weiß es oder ob sie sich aufgrund der Fakten sicher sind."
"s8469","ger","Genaue Auseinandersetzung mit dem Text"
"s8492","ger","Ergründen was Menschen aus Texten herausnehmen"
"s8527","ger","Herauszufinden, ob Menschen, die ähnliche Texte lesen, bei den Antworten differenzieren, oder gleiche Antworten geben."
"s8562","ger","Ich glaube zu wissen welchen Zweck diese Studie hat, weiß es aber nicht. "
"s8615","ger","keine Idee"
"s8662","ger","leer"
"s8692","ger","Aufnahme von Sprache zu erkennen"
"s8746","ger","asd"
"s8774","ger","Lesen und gleichzeitiges verstehen von Texten
Auffassungsgabe"
"s10380","ger","Erfassung der Beeinflussbarkeit von Testpersonen durch bestimmte verbale cues? Wie sich Unsicherheiten in wahrgenommenen Tatsachen durch spätere Fragen herstellen lassen z.B? Wie man einen Verdächtigen am besten dazu bringt, ein falsches Geständnis abzulegen!"
"s10394","ger","Ob wir Wissen, je nach Formulierung als wahrer oder scheinbarer betrachten."
"s10416","ger","Interpretation 
Objektive Informationen "
"s10434","ger","???"
"s10440","ger","Textverständnis"
"s10443","ger","Zusammenhänge nach Gesetzen der sprachlichen Logik zu finden und/oder Konzentration zu testen"
"s10523","ger","Einfluss von sprachlichen Formulierungen auf Attributionen"
"s10526","ger","Möglicherweise inwiefern bestimmte Wortwahlen unser Realitätsbild beeinflussen"
"s10543","ger","Einschätzungen einzelner Personen in einzelnen Situationen kritisch zu hinterfragen.  "
"s10559","ger","Kommunikation, Verständnis gemeinsam benutzter Wortwahl. Annahmen vs Wirklichkeit, von Menschen vorgegebene Informationen als gegeben annehmen?"
"s10662","ger","TEST"
"s10688","ger","Annahme oder Vermutungen"
"s10696","ger","Unterschiedliche Interpretationen, wie man die Texte versteht"
"s10717","ger","Der """"""""schwarze-Schwan-Effekt"""""""""
"s10745","ger","Herauszufinden, ab wann Unwissenheit auf die Umstände geschoben wird und ab wann es an fehlenden Kenntnissen liegt."
"s10748","ger","Den Zusammenhang zwischen Hintergrundinformationen, der Evaluierung von vorhandenen Informationen und den daraus abgeleiteten Schlüssen zu vergleichen."
"s10754","ger","Menschen beurteilen oftmals Situationen ohne alle Fakten tatsächlich zu kennen. "
"s10757","ger","..."
"s10761","ger","Mhm..."
"s10794","ger","Evtl. 1. herauszufinden in wieweit der Teilnehmer den text wirklich gelesen hat und 2. um zu erforschen aus welcher sichtweise wir gewisse dinge sehen/annehmen "
"s10811","ger","Kommunikation und Sprache und deren Auswirkungen auf zusammenhängende Sachverhalte."
"s10824","ger","Gedächtnisleistung"
"s10843","ger","Herauszufinden, wie bestimmte Sätze und Erklärungen aufgenommen und interpretiert werden, welche Unterschiede in der Beschreibung unterschiedliche Assoziationen herbeirufen"
"s10854","ger","Man könnte untersuchen, ob die Bewertung der Entscheidungen unterschiedlich ausfallen, je nachdem, ob man die """"""""Wahrheit"""""""" kennt und wenn ja, wie sie aussieht. "
"s10856","ger","Testen der Aufmerksamkeit"
"s10902","ger","Die feinfühlige Wahrnehmung verschiedener Situationen und wie kleine Nuancen die Interpretation ändern"
"s10995","ger","Verständnis sprachlicher Formulierungen: Wenn man etwas aufgrund mangelhafter Kenntnisse als gegeben annimmt und es dann tatsächlich glücklicherweise so ist, hat man dann ein Faktum """"""""gewusst""""""""? Oder hat man es nur geglaubt, genauso wie man es nur geglaubt hätte, wenn die glücklichen Umstände nicht da gewesen wäre und man daher Unrecht gehabt hätte?"
"s11080","ger","Puhh also ich bin jetzt echt überfragt, ich habe keine Ahnung. Irgendein Zusammenhang zwischen der Situationsbeschreibung und der Verantwortung von Menschen"
"s11194","ger","Den Unterschied zwischen Wahrnehmung und Wirklichkeit zu erkennen"
"s11218","ger","Es geht um Textverständnis"
"s11238","ger","Epistemologie "
"s11247","ger","Fake News"
"s11256","ger","Festzustellen was Wissen eigentlich ist. Jeder hat eine andere Auffassung was dies angeht - auch, wenn diese von Person zu Person nicht stark variiert. Die Frage was Wissen genau ist kann von verschiedenen Blickwinkeln betrachtet werden. Die Personen denken, dass sie bspw. wissen, dass es sich um ein Haus handelt, obwohl dem gar nicht der Fall ist, weil ihre Augen sie letztendlich belügen bzw. sie der Meinung sind und dies daher nicht genauer untersuchen. "
"s11257","ger","Untersuchen, wie die Realität bewertet wird, abhängig von den ersten Informationen"
"s11282","ger","Vertrauensforschung"
"s14487","ger","TEST"
"s15535","ger","TEST"
"s15539","ger","TEST"
"s15543","ger","TEST"
"s16312","ger","TEST"
"s16314","ger","TEST"
"s16315","ger","TEST"
"s16316","ger","TEST"
"s16318","ger","TEST"
"s16320","ger","TEST"
"s16344","ger","Textverständnis, Interpretation von Texten"
"s16347","ger","Gelesene ,Oder gehörte Dinge richtig einzuordnen und richtig in zusammenhang zu bringen"
"s16354","ger","Sicher bin ich mir nicht, aber es könnte eine Studie über Meinungsfestierung sein, die auf glaube, Hoffnung und/oder falscher Faktenlage, beruhen.

Veränderung der Wahrnehmung bzw. Des empathievermögens durch äußere Umstände und zusätzlichen Informationen."
"s16358","ger","Erfassen von Text, erkennen von wichtigen und unwichtigen Informationen"
"s16367","ger","Definition von Wissen/nur glauben etwas zu Wissen"
"s16383","ger","Herauszufinden, wie gut die Versuchspersonen die ihnen vorgelegten Informationen in logischen Zusammenhang bringen können."
"s16398","ger","Möglicherweise geht es in der Studie darum, zu erforschen was Menschen glauben zu wissen, wenn ihnen entscheidende Informationen fehlen."
"s16410","ger","Die Wahrnehmung von Sprache "
"s16419","ger","Wahrnehmung und Einschätzungen zum Thema Selbstwarnehmung"
"s16429","ger","Welche Bedeutung mit welchen Worten verbunden wird."
"s16431","ger","Vielleicht war der Zweck der Studie, zu analysieren/zu untersuchen, wie genau Leser bzw. Hörer Sprache wahrnehmen und was aus dem Gesagten wahrgenommen wird und wie das Gesagte verstanden/interpretiert wird. "
"s16433","ger","Was weiß man wirklich und was nehmen wir selbst als wissen an, obwohl es eine reine Abstraktion bereits gemachter Erfahrungen ist, wo teilweise auch Wissenslücken vorherrschen. Evtl. auch irgendwas in die Richtung wann ist es egal/wichtig, ob man etwas denkt oder weiß."
"s16442","ger","Der Zweck dieser Studie ist herauszufinden, ab wann man sich sicher ist etwas zu wissen und wann nicht. Außerdem zeigt es einem auf, dass man nie 100% sicher sein kann."
"s16444","ger","Unterschied von Glauben und Wissen zu verdeutlichen"
"s16445","ger","Man möchte untersuchen, ob das Gehirn Informationen falsch verarbeitet oder nicht wahrnimmt, wenn viele weitere Informationen im Text sind."
"s16453","ger","Kein Plan"
"s16456","ger","Unterschiede beim Gebrauch von „ich weiß“ und „ich glaube zu wissen“"
"s16471","ger","Ich vermute, dass die Szenarien für die Studie weniger von Bedeutung sind als die folgenden Fragen. Es könnte ein Test sein, herauszufinden wie das menschliche Hirn in Bezug auf Studien reagiert/ damit umgeht? "
"s16476","ger"," - Herausfinden, wie Menschen Sprache verarbeiten
- Wie genau Menschen auf die feinen Unterschiede in der Sprache eingehen können oder wollen"
"s16481","ger","Falschnachrichten, die aufgrund mangelnden Wissens und Gefühlen verbreitet werden.
Menschen setzen sich nicht ausführlich mit einem Thema ausführlich auseinander, bevor sie ein Urteil fällen. Manchmal schaden sie sich dabei selbst (Diamanten-Szenario)"
"s16487","ger","ich denke es ging um die Fähigkeit von Menschen, Dinge zu betrachten, ihre Umstände und was man individuell als richtig und falsch sieht "
"s16491","ger","Leseverständnis"
"s16500","ger","Die Bedeutung vom Unterschied etwas zu wissen oder nur zu glauben, es zu wissen. "
"s16505","ger","das Irren von Menschen mit/ohne Fachkenntnissen, die Selbstsicherheit hinter Aussagen"
"s16515","ger","sprachverstädnnis, oder aussagen in kombination zur wahrnhemung der welt, ambiguität von aussagen"
"s16535","ger","Zweck der Studie ist das Verhalten von Menschen während der Studie zu untersuchen und dabei festzustellen wie ernst die Studie beantwortet wird und wie viel Druck sich Menschen bei der Bearbeitung machen. Außerdem wird vermutlich die Selbstsicherheit bei Menschen überprüft."
"s16540","ger","Manipulation durch Sprache"
"s16559","ger","in wie weit sich der Mensch durch optische Dinge täuschen oder beeinflussen lässt"
"s16572","ger","Zu untersuchen, wie gewählte Formulierungen in einem Text verschiedene Eindrücke und Gefühle bei Personen auslösen können und diese Personen somit die Kernaussagen verfälschen  (oder anders aufnehmen) können."
"s16583","ger","Sich im Alltag nicht von äußerlichen Dingen beeinflussen zu lassen."
"s16723","ger","Beurteilung einer Handlung eines Dritten und eigenes Empfinden darüber. Wie schätzen wir diejenige oder denjenigen ein? Glauben wir zu wissen ob jemand Kentnisse hat oder zweifeln wir an deren Glaubwürdigkeit."
"s16741","ger","DIE WAHRNEHMUNG; ALSO GLAUBEN UND WISSEN ZU UNTERSCHEIDEN"
"s16925","ger","Ich hatte keine Zeit und habe es nicht so ausfühlihc gemacht"
"s16932","ger","Zu gucken aus welcher Perspektive man über einen Sachverhalt urteilt.
Zu gucken wie gut die Einschätzung der Wahrnehmungsfähigkeit von den Beteiligten ist, wenn sie in ihrer Annahme richtig bzw. falsch lagen, obwohl die Beteiligten selber den Sachverhalt nicht kannten"
"s17067","ger","Vielleicht inwieweit gewisse Schlüsselwörter und Personengruppen einen Menschen dazu bringen davon auszugehen, dass etwas sicher, also Wissen bestätigt ist und dann auch Umstände, für die jemand vielleicht nichts kann als seinen oder Ihren Erfolg/Kenntnis zuzurechnen?"
"s17154","ger","Die Selbstsicherheit und Täuschung zu überprüfen"
"s17178","ger","xy"
"s17188","ger","Erforschung der subjektivene oder objektiven Wahrheit."
"s17294","ger","Wahrnehmung und Tatsachen"
"s17299","ger","Erforschung des Umgangs mit den Begriffen """"""""glauben"""""""" und """"""""wissen"""""""". Eventuell auch spannend im Zusammenhang mit grassierenden Fake-News und Verschwörungstheorien. Wann halten wir Laborratten vermeindliches Wissen für """"""""glaub""""""""würdig?"
"s17330","ger","Zu ermitteln wie genau die Teilnehmer das Fallbeispiel und dessen Fragen lesen, und wie sehr jemand denkt das die Person im Fall nur glaubt etwas zu wissen"
"s17369","ger","Keine Ahnung "
"s17420","ger","Texte verstehen"
"s17443","ger","Erkenntnisse über die Form der Umfrage sammeln / über die Teilnehmer an dieser Art von Studien"
"s17473","ger","wie nehmen Leser Infos aus Texten auf"
"s17491","ger","Unterschied zwischen Wissen und Glauben"
"s17497","ger","Ob der Text zu einer Lösung ausreicht 7
"
"s17512","ger","Beurteilung von Entscheidungen anderer im Blickwinkel von Vorinformationen."
"s17538","ger","Der Unterschied von """"""""wissen"""""""" und """"""""glauben"""""""" in der Psyche analysieren. "
"s17577","ger","Wie beeinflusst die Redeweise die Meinung über bestimmte Situation "
"s17642","ger","Kein Anhnung geht eventuell um die Wahrnehmung"
"s17653","ger","subjektive Wahrnehmung, Konstruktivismus "
"s17666","ger","Nicht ganz sicher. In wie fern man zu vermag etwas zu glauben oder zu wissen. Vielleicht auch die Definition davon zu erforschen. "
"s17667","ger","Keine Ahnung:D"
"s17682","ger","Der Anschein und die Ansicht bezüglich diverser Dinge in Bezug auf tatsächlichem Wissen und Vermutungen "
"s17697","ger","Der Zweck der Studie könnte das aufmerksame und korrekte Lesen sein, das in unterschiedlichen Themengebieten getestet wird. Die Situationseinschätzungen könnten mit der Lesequalität und dem Verständnis abgeglichen werden."
"s17703","ger","Vielleicht herauszufinden, welche Formulierungen in den Fallbeschreibungen uns eher zu Gewissheit oder zu Vermutung tendieren lassen. Es waren ja alle drei Szenarien inhaltlich ähnlich."
"s17729","ger","Manipulation durch Sprache?"
"s17730","ger","keine Idee"
"s17734","ger","Die Einschätzung von Tatsachen, um herauszufinden wie Menschen , wie glaubwürdig und sicher sich Menschen über Dinge sind. 
Eventuell könnte dies eine Studie sein um Entscheidungen zu analysieren."
"s17735","ger","Die Interpretation verschiedener Situationen,  auf Grund von eigenen Erfahrungen und unterschiedlicher Auffassung von Sprache. "
"s17744","ger","Überprüfung Textverständnis, Analyse aller Ergebnisse"
"s17757","ger","Erste Möglichkeit: Zweck dieser Studie könnte sein, herauszufinden, wie sehr die Proband:innen bestimmten Informationen vertrauen/nicht vertrauen. 
Zweite Möglichkeit: Das Schema der Texte war immer dasselbe – es sollte herausgearbeitet werden, inwieweit die Antworten variieren, je nachdem welche Angaben gemacht wurden, um was es ging/inwieweit das die Antworten der Proband:innen beeinflusst.  "
"s17758","ger","Herauszufinden, wie genau die Leser/innen Texte erfassen, die wesentlichen Aussagen erkennen können. 
"
"s17761","ger","Konnte ich nicht ergründen"
"s17773","ger","Im ersten Teil der Studie denkt man, der junge Mann befindet sich im Märchenwald."
"s17789","ger","Wie eng glauben und wissen verknüpft ist und wie unterschiedlich es wahrgenommen wird."
"s17803","ger","In der Studie wird auf """"""""glauben"""""""" und """"""""wissen"""""""" eingegangen. Die Szenarien, welche vorgestellt werden, in Verbindung mit den nachfolgenden Aufgaben, bewegen den Teilnehmer zum Hinterfragen, ob alles, das wir zu wissen """"""""glauben"""""""" wirklich wahr ist.
Daher denke ich, dass das Ziel der Studie ist, zu prüfen, inwieweit Menschen Wissen von Glauben unterscheiden können."
"s17823","ger","Eine Situation bewerten die in Wort und Schrift dargestellt wird"
"s17827","ger","Textwahrnehmung und Interpretation, Informationstrennung zwischen Leser und Textperson"
"s17829","ger","40 kann sehr verschieden sein. Ich weiß es nicht."
"s17832","ger","Erforschung von Wahrheitsempfinden "
"s17837","ger","Wie verschiedene Sprachmittel/ Umstellung der Texte oder Verwendung verschiedener Begriffe sich auf das Aufnehmen und Verstehen von Informationen auswirkt."
"s17847","ger","Korrelanz zwischen persönlichen Ansichten aus Erfahrungen mit der Wirklichkeit"
"s17849","ger","Zweck nicht erkannt"
"s17850","ger","Wie Wörter/Beschreibungen die Wahrnehmung beeinflussen."
"s17856","ger","Wirkung von Sprache auf unterschiedliche Gruppen."
"s17888","ger","die Sichtweise jedes einzelnen Menschen auf Dinge/Situationen"
"s17889","ger","Textverständnis des Lesers"
"s17894","ger","Herausfinden, wie die Wortwahl und ähnlicher Satzbau Einfluss auf die Wahrnehmung der Menschen hat."
"s17900","ger","in wie weit Formulierungen bzw. Einsatz von gezielter Sprache Einfluss auf das gelesene haben. "
"s17908","ger","Schlussfolgerungen aus bestimmten Wörtern ziehen. Aussagekraft von Wörtern überprüfen"
"s17911","ger","Verschiedene Ansichten und Betrachtungen einer Situation. "
"s17922","ger","Trigger für angenomme Einschätzung im Kontinuum von Wissen und glauben zu wissen zu ergründen"
"s17934","ger","Das Verständnis der veschiedenen Personen zu den jeweiligen Texten"
"s17942","ger","Wahrnehmung auf Grund äußere Einflüsse oder Vorbildung"
"s17947","ger","Leseverstehen, Kommunikation "
"s17950","ger","vers. Bedeutungszuschreibung der selben Sachlage"
"s17955","ger","Wahrnehmung"
"s17960","ger","Durch verschiedene Ausdrucksweisen, bekommt man unterschiedliche Eindrücke von ein und der selben Situation. Ich glaube das diese Studie etwas mit der Ausdrucksweise unserer Sprache zu tun haben könnte "
"s17968","ger","Wie Sprache und Formulierungen auf der einen Seite und das Vorwissen bzw. Kenntnisse der Befragten auf der anderen Seite das Verständnis beeinflussen."
"s18009","ger","die Auswirkung von Sprache auf das Verhalten von Probanden überprüfen. "
"s18017","ger","Entweder es geht darum, wie sehr man sich beeinflussen lässt in der Einschätzung des Verhaltens anderer aufgrund impliziter Annahmen über ihren Wissenstand - oder es geht um Teilnahmeverhalten an Studien und der erste Teil war nur ein Ablenkungsmanöver. 
;) "
"s18022","ger","Wie reagiert und denkt der Mensch, wenn er sich absolut sicher ist und weiß was er gesehen hat, aber nicht weiß das er hinters Licht geführt wird. Glauben und wissen ist die große Frage. 
ich bin mir oft zu 100 % sicher und weiß es......aber wenn man Dinge aus einer anderen perspektive betrachtet, glaubt man nur zu wissen."
"s18061","ger","Urteile werden aufgrund falscher Annahmen, Erfahrungen, guter Glaube getroffen"
"s18065","ger","Ich habe mich kurz gefragt es sich um eine Studie zum Thema *Fake News* handelt, aber war mir nicht sicher:-)"
"s18079","ger","Was ist Wirklichkeit/Glaube/Wissen 
Treffen Menschen Entscheidungen aus Glaube oder aus Wissen?"
"s18091","ger","Zweck der Studie ist es herauszufinden, inwieweit sich Menschen von unterschiedlich formulierten Texten dazu verleiten lassen, andere Antorten zu geben."
"s18095","ger","wahrscheinlich zu untersuchen, was objektives von subjektivem Wissen unterscheidet"
"s18101","ger","keine Ahnung"
"s18104","ger","Könnte mit der Wortverwendung zu tun haben. Könnte aber auch ein Test sein, wie sehr man sich durch Hintergrundwissen von der eigentlichen Aussage ablenken lässt. Wir sehen ja immer eine Beschreibung aus der Sicht einer Person und eine Information, die uns unabhängig von der Person gegeben wird. Welcher glauben wir mehr? Welchen Einfluss hat die Reihenfolge der Information?
Ich glaube man könnte anhand dieser Fragen einige Untersuchungen anstellen, insbesondere, wenn man diese mit Informationen über den Fragenbeantworter korreliert."
"s18118","ger","Wann Menschen in welchem Zusammenhang spezielle Ausdrücke benutzen "
"s18130","ger","Täuschung der Sinne mit vohandenem Wissen"
"s18135","ger","Untersuchung über Annahmen darüber, wie Wissen zustande kommt "
"s18153","ger","das Gelesene verstehen und verarbeiten"
"s18162","ger","Was lässt den Menschen annehmen, dass er Dinge weiß. Welche Faktoren sind es, die Menschen anwenden um Wissen zu definieren."
"s18169","ger","Einschätzungen erörtern, wie einerseits Infos verarbeitet werden, aber primär auch ob Wahrnehmung/Entscheidung anderer als selbst- oder Eigenverschulden eingeschätzt wird aufgrund Infos die man nur als Leser*in hat"
"s18171","ger","Zur Analyse, wie verschieden Sprache bei Menschen ankommen kann."
"s18176","ger","Wem traut man mehr zu.  "
"s18177","ger","Die Untersuchung eines grundlegenden Sprachgefühls in Bezug auf Formulierungen, die ausdrücken, ob man etwas weiß oder glaubt, zu wissen oder zu glauben meint."
"s18187","ger","Theorie of mind?"
"s18206","ger",".."
"s18239","ger","Auf welcher Basis von Tatsachen wir Entscheidungen treffen und, ob diese Tatsachen für uns ausreichend belegt werden oder man zu schnell voreingenommen ist von einer zu geringen Zahl an Fakten."
"s18242","ger","Thema könnte Meinungsbildung, Bildung von Überzeugungen oder ähnliches sein"
"s18258","ger","Es könnte sich darum handeln,wie man Personen anhand gewisser Textumschreibungen manipulieren kann oder wie aufmerksam die Texte von den Teilnehmern gelesen werden."
"s18278","ger","Vermeintlich begründetes Wissen zu hinterfragen... Woran es liegt, dass wir zu falschen Erkenntnissen kommen. Wie wenig wir unsere Gedanken oder vermeintliches Wissen hinterfragen und worauf wir uns in verschiedenen Situationen berufen, um die Wahrheit zu erkennen. "
"s18285","ger","Untersuchen, wie sprachliche Mittel unsere Entscheidungen prägen. "
"s18291","ger","Einfluss von Nutzung gewisser Sprache/ Textarten auf das Verständnis einer Thematik "
"s18292","ger","Untersuchung von Sprache: welcher Einfluss haben Informationen über eine Situation, die über das Wissen der Person(en) in der Situation selbst hinausgehen, auf das Urteil."
"s18323","ger","Vielleicht versuchen Sie durch die Studie herauszufinden wie sehr sie einen Einfluss auf die Antwort des Lesers haben mit Ihrem Einfluss in den Texten."
"s18330","ger","Kognitive Wahrnehmung der Aussenwelt und eigene Position/Erfahrung?"
"s18333","ger","Aufmerksamkeit, Aufnahmefähigkeit "
"s18337","ger","Sprache ist ein wirkungsvolles und mächtiges Instrument und kann Bedeutungen sowie Wahrnehmungen beeinflussen. Zweck ist es demnach, so denke ich, die unterschiedliche Wirkungsmacht herauszufinden."
"s18371","ger","Herauszufinden, wie unterschiedliche Menschen nicht 100 prozentig begründete Aussagen, Gedankengänge und Handlungen auf Wahrheit beurteilen und ob sie eher an Zufall oder Wissen glauben."
"s18382","ger","Den Unterschied bzw. die Denkweise der Teilnehmenden zwischen Wissen und Glauben zu untersuchen."
"s18384","ger","Es könnte darum gehen, dass die Wirkung, die einige bestimmte Wörter auf eine Situationseinschätzung entfalten, evaluiert werden soll."
"s18386","ger","Textverständnis überprüfen "
"s18402","ger","Stichwörter, die beschreiben, ob etwas wahr ist  oder eine Vermutung. "
"s18415","ger","Herauszufinden, infern man das Wissen wirklich weiß oder es nur glaubt zu wissen, und inwieweit Informationen das Wissen beeinflussen können "
"s18447","ger","Der Mensch scheint oft nur zur glauben, dass er aufgrund von Erfahrungen etc etwas weiß. In Wahrheit weiß er es nicht.
Prägungen "
"s18473","ger","Herauszufinden, welche Bedeutung die Wörter """"""""glauben"""""""" und """"""""wissen"""""""" im allg. Sprachgebrauch haben."
"s18476","ger","Aufmerksamkeit beim Lesen, wie man vor allem im Nachhinein hinterfragt, was man glaubt gelesen zu haben und was tatsächlich vermittelt werden sollte"
"s18495","ger","Ob der Betrachter eher auf das Ergebnis der Personen eingeht oder sich auf die dazu erklärten Fakten bezieht."
"s18496","ger","Troll?"
"s18519","ger","Da der Fokus auf der Wirkung von Sprache liegt, wird es hier möglicherweise darum gehen, wann Menschen """"""""wissen"""""""" und """"""""glauben"""""""" benutzen, bzw. dieses unterscheiden.  D.h. ob der Gebrauch der Wörter abhängig ist von Profession und Kenntnis oder, ob alltägliche Erfahrungen ausreichend genug sind, um ein sicheres Wissen, und somit den Ausdruck von diesem, zu begründen. "
"s18529","ger"," -Wissen, das auf Annahmen basiert vs. Wissen, was auf exakten Kenntnissen/Fakten basiert.
-Textverständnis "
"s18536","ger","entscheidung über Verständnis von 
falsch
sicher
richtig "
"s18584","ger","Bewertung von Wahrnehmungen / Vertrauenswirkung von allgemein bekanntem bzw. Normalitäten."
"s18593","ger","? Unklar"
"s18606","ger","kann man sich nach der überflüssig langen  Einleitung noch entsprechend kontrollieren oder überliest man das wesentliche des Hauptteils?"
"s18617","ger","Wie Sprache auf Menschen wirkt, wie Sprache verstanden wird "
"s18624","ger","Inwiefern unsere Wahrnehmungen echt sind oder Aufmerksamkeitsspanne bei verschiedenen Situationen mit gleichem Fragenschema"
"s18652","ger","Vielleicht die Erzählweise der Verhaltensweisen, z.B. Aufzählungen von Indizien steigert das Empfinden, dass die Annahme begründet ist."
"s18664","ger","Glauben ist nicht wissen. Wir denken, wir kennen die Wahrheit, können es aber nicht wissen. Ist wahrscheinlich zu hoch gegriffen, es mit Corona in Verbindung zu bringen und dem wie wir informiert werden....?"
"s18670","ger","Untersuchung von Logik in den Antworten der Teilnehmenden"
"s18674","ger","Wie beeinflusst Sprache die Wahrnehmung und Fremdwahrnehmung einer Handlung oder Entscheidung."
"s18677","ger","Wie verschiedene Glaubenssätze aus unterschiedlichen Perspektiven richtig sein könnten"
"s18684","ger","Wie man durch unterschiedliche Formulierungen Sachverhalte anders versteht oder getäuscht wird"
"s18686","ger","Das Ziel könnte gewesen sein, herauszufinden, wie Menschen Sachverhalte verstehen und einordnen würden. 
"
"s18694","ger","Umgang mit Feinheiten der Sprache / Manipulation mit Sprache"
"s18702","ger","Konstruktivismus, ob es wirklich möglich ist, Dinge zu wissen, und wie unsere Auffassung dazu ist"
"s18720","ger","1. Wie 3. mit Zusatzinformationen den Sachverhalt anders wahrnehmen. 
2. Wie unser Wissen nur auf uns Bekanntem beruht. (Haus = Haus; Gemälde = Original; Diamanten= Diamanten), Unwahrscheinliches wird von unserem Verstand ausgeblendet. (z.B. Präriehund in D)"
"s18730","ger","Herauszufinden ob man glaubt was man sieht, aufgrund von vorher erlerntem wissen oder ob man es weiß"
"s18738","ger","leichte Irreführung der Tatsachen durch optische Täuschung"
"s18742","ger","wie im Anfangstext angegeben die Auswirkung der Sprache. Genaueres konnte ich nicht herausfinden"
"s18747","ger","Sicht und Denkweise von Menschen zu verstehen bzw. deren Lage einzuschätzen."
"s18748","ger","wie wir eine Situation einschätzen, wenn wir Hintergrundinformationen haben, die die betroffene Person nicht hatte bei ihrer Entscheidung (vielleicht auch bezogen darauf, inwieweit man wirklich sagen kann, dass man etwas sicher weiß, oder eher nur Vermutungen anstellen kann)"
"s18754","ger","Herauszufinden was die Menschen unter bestimmten Formulierungen verstehen und wie sie kommunizieren. Vielleicht auch, was man unter Wahrheit versteht."
"s18762","ger","Die Konzentration der Teilnehmer prüfen  "
"s18767","ger","Aufmerksamkeit"
"s18771","ger","Das Feld konnte nicht leer bleiben, es wurde rot markiert. "
"s18787","ger","Ich denke, ein Mensch mit einer fundierten Meinung sollte auf jede Geschichte eigentlich die gleiche Antwort geben. Allerdings spielt Empathie eine große Rolle, in manche Geschichten/Rollen kann man sich besser einfühlen und verändert seine Meinung zur vorherigen Rolle/Geschichte."
"s18793","ger","Unterschiede im Verwerten von Fakten feststellen"
"s18800","ger","Man will die Leseaufmerksamkeit testen, um festzustellen, woran Leute festmachen, ob sie sicher sein können, eine Tatsache zu behaupten"
"s18807","ger","Erforschung unterschiedlicher Ansätze Aussagen zu treffen, insbesondere über Sicherheit von """"""""sicher wissen"""""""" und nur """"""""glauben"""""""" ."
"s18809","ger","Teilnehmer der Studie werden anhand ihrer gegebenen Antworten dahingehend untersucht, inwiefern sie Glaube und Wissen voneinander abgrenzen können. Wichtig hierbei ist die Unterscheidung des eigenen Wissens und das einbeziehen des Wissenstandes der in der jeweiligen Frage beschriebenen Person (Theory of Mind) "
"s18812","ger","Aufmerksames Lesen oder, ob Menschen auf bestimmte Tricks reinfallen. Also, ob man die Leser möglicherweise durch Benutzung bestimmte Wörter dazu verleiten bzw beeinflussen kann bestimmte Antworten zu geben."
"s18832","ger","Da am Anfang bereits erwähnt wurde, dass es um Sprache geht, vermute ich, dass man sich während der Umfrage durch gewisse Formulierungen beeinflussen lässt und die Antworten deshalb von Szenario zu Szenario unterschiedlich ausfallen."
"s18840","ger","Die unterschiedlichen Sichtweisen der Menschen auf Sprache und unterschiedliche Formulierungen darzustellen und zu erforschen."
"s18849","ger","Das herausfiltern von Informationen bzw. die eigene Wahrnehmung von Lesen eines Textes. 
Wie sehr man sich von Priming beeinflussen lässt"
"s18853","ger","Der Zweck der Studie könnte darin liegen das subjektive Empfinden der Teilnehmer bezogen auf die verschiedenen Szenarien und Persönlichkeiten zu beobachten. "
"s18856","ger","Aufmerksamkeit des Lesers zu testen und die Fähigkeit Informationen aus dem Text zu entnehmen"
"s18869","ger","Ich vermute, dass es um das Ermitteln von Einschätzungen im Rahmen von bspw.  Marketingmaßnahmen oder Werbung geht - das Ganze im Hinblick auf die Wirkung von Sprache in einem Kontext, der stark manipulativ ausgewählt bzw. gestaltet wird."
"s18877","ger","Herauszufinden wie konstant die Antworten sind"
"s18883","ger","Leseaufmerksamkeit zu testen
Unterschiede zwischen Glauben und Wissen herauszufinden
Hinterfragen der eigenen Perspektive"
"s18885","ger","Vielleicht hat sie den Zwecke zu erforschen, wie sicher Menschen ihre Einschätzung auf Basis von vorgegebenen Szenarien abgeben."
"s18886","ger","Keine Meinung."
"s18890","ger","Sprachforschung"
"s18899","ger","Vielleicht sollte untersucht werden, wie eine Situation beschrieben wird in der es eine Unsicherheit zwischen der Beobachtung einer Person und den objektiven Tatsachen gibt.

"
"s18901","ger","Ab wann etwas als Wissen und wann als Glauben bezeichnet werden kann, wenn nicht vollständige Informationen vorliegen"
"s18908","ger","Einfluss grammatikalischer Strukturen auf die Beurteilungsfähigkeit der Menschen"
"s18946","ger","Herauszufinden inwieweit die Teilnehmer in der Lage sind aus einem Text mit leicht unterschiedlichen und sich negierenden Textbausteinen Informationen zu ziehen und diese auf später abzurufen"
"s18954","ger","Selbstsicherheit der Probanden eruieren.
"
"s18970","ger","Ich könnte mir vorstellen, dass es um die Unterscheidung von von aussen bedingten Zuständen oder den Fähigkeiten des Menschen geht, je nachdem wie etwas formuliert wird."
"s18972","ger","Beeinflussbarkeit
Subjektivität
Auslegung"
"s18978","ger","Die Bedeutung von Sprache zu erforschen und die unterschiedlichen Auffassungen von Bedeutungen verschiedener Wörter bei Menschen zu erforschen. "
"s18983","ger","Die Wahrnehmung der Teilnehmer zu analysieren. Wie kann die Wahrnehmung von Menschen beeinflusst werden etc."
"s18989","ger","Herauszufinden warum Menschen glauben sich in gewissen Situationen sicher zu sein/ zu """"""""wissen"""""""" was richtig und was falsch ist. Obwohl sie vielleicht gar nicht wissen können, ob sie richtig liegen oder nicht."
"s18995","ger","Annahmen und Gewohnheiten vielleicht..."
"s18997","ger","Unterschied zwischen wirklich etwas zu wissen und nur zu glauben, dass man etwas weiß."
"s19007","ger","nun es ist eine Psychologie Studie das wusste ich schon vorher"
"s19027","ger","verschiedene meinungen zu wahrnehmung "
"s19028","ger","Untersuchung des Sprachverständnisses und Untersuchung inwieweit etwas in den Text hinein interpretiert wird was nicht darin steht."
"s19033","ger","Einschätzung und Wahrnehmung von Aussagen und ihrem Wahrheitsgehalt"
"s19036","ger","Genauigkeit des Leseverständnisses und Einschätzung von Situationen"
"s19040","ger","Es drängte sich der Gedanke auf, dass es gar nicht um die Fragen zu den Geschichten an sich geht, als vielmehr um den Umgang mit Onlineerhebungen."
"s19064","ger","Wie sicher kann man sich sein? "
"s19070","ger","Einsatz von Sprache und Sprachvariationen"
"s19074","ger","Was würden wir sprachlich als wahr und falsch beschreiben?"
"s19075","ger","Interpretation von Sprache analysieren"
"s19078","ger","Inwiefern man die Entscheidungen/Aussagen anderer mit mehr Informationen beurteilt aufgrund von sprachlichen Cues?"
"s19088","ger","Zu erforschen, wie die Ansicht der breiten Masse sich in bestimmten Situationen ausbildet."
"s19090","ger","meine Assoziationen waren: Fakenews, Corona-Impfung"
"s19095","ger","Feststellung des Zusammenhangs zwischen Formulierung und Wahrnehmung. "
"s19098","ger","Auffassung verschiedener Szenarien von Personen, die nicht Teil des Szenarios waren (dritte)"
"s19102","ger","Auslegungsmöglichkeit von Begriffen"
"s19109","ger","Vielleicht mal gucken, wie sicher sich die Leute sind, ob sie sich verzweifeln, obwohl sie tatsächlich recht haben oder, dass sie sich doch irren, obwohl sie nicht recht haben. "
"s19112","ger","Die Interpretation unterschiedlicher Auffassungen und Meinungen"
"s19114","ger","Herauszufinden, wie bestimmte Situationen und nebenbedingungen auf die Wahrnehmung anderer wirken (durch die verwendete Sprache) "
"s19116","ger","aufmerksames Lesen und Gesamtverständnis gefragt möglicherweise"
"s19122","ger","Wahrnehmung und Wissen zu unterscheiden,wie sehr prägt visuelles unser Wissen/Verstand"
"s19128","ger","Es scheint darum zu gehen, inwiefern jemand, der viele Studien mitgemacht hat, sich in dieser Studie verhalten und gefühlt hat, in der nicht klar herauszufinden war, worum es in der Studie eigentlich geht."
"s19133","ger","Aufmerksames Lesen, verstehen und korrekt wiedergeben"
"s19139","ger","Ich denke, es handelt sich um eine Studie zur Aufmerksamkeit der Probanden, dem Konzentrationsvermögen, anstelle einer studie zur Sprache, erkennbar an den eindeutigen Angaben im Text zu der Richtigkeit der Annahmen der Beispielpersonen."
"s19151","ger","Zu untersuchen inwieweit unsere Erfahrungswerte unseren Wahrheitsbegriff prägen"
"s19153","ger","weiß nicht"
"s19156","ger","Forschung über die Wahrnehmung von Objekten / was Objekte wirklich sind vs was wir glauben was sie sind und ob es einen Unterschied macht"
"s19169","ger","Wie man anhand von Informationen meint, etwas zu wissen oder zu glauben."
"s19173","ger","Ich denke, es geht darum herauszufinden, welche Definition von Wissen wir haben und wann wir Personen Wissen zuschreiben. Hierzu wurden """"""""knifflige Beispiele"""""""" angeführt, die teilweise die klassische Definition von Wissen (Wissen ist wahre, gerechtfertigte Meinung) untergraben. "
"s19175","ger","logische intelligens"
"s19176","ger","Das Ziel ist es vermutlich, die Sicherheit von Menschen bei Urteilen zu erforschen, auch wenn Unsicherheit über Fakten besteht."
"s19177","ger","Welche Vorstellungen haben Menschen vom Phänomen """"""""Wissen""""""""?"
"s19188","ger","Welch Rolle haben unbekannte Daten auf die Einschätzung von Aussagen durch Dritte"
"s19194","ger","um den Wahrheitsgehalt von Aussagen zu verifizieren oder Einschätzen zu können"
"s19209","ger","sprachgebrauch entschlüsseln "
"s19213","ger","Heraus zu finden, wie der größte Teil von Deutschland psychologisch denkt und ob wie Menschen leicht zu beeinflussen sind."
"s19215","ger","Theory of Mind Fähigkeit testen "
"s19220","ger","Es wird erforscht, wie unterschiedlich Sprache auf einzelne Menschen wirkt und welche Informationen jemand daraus zieht"
"s19232","ger","Unterscheidungsfähigkeit zwischen Meinung und Wissen in verschiedenen Kontexten "
"s19250","ger","kein idee"
"s19253","ger","Sinn, Unsinn, Missverständnisse in der Sprache zu verdeutlichen? "
"s19273","ger","Ich denke, die Studie beschäftigt sich damit, inwiefern Wörter die """"""""Wirklichkeit"""""""" abbilden."
"s19293","ger","keine Ahnung"
"s19304","ger","Sprachgebrauch/bedeutung"
"s19349","ger","Das Wort """"""""wissen"""""""" zu untersuchen."
"s19365","ger","Herauszufinden, in wie ferne der Hintergrund einer Situation uns zu einem Urteil über das Wissen einer Person bewegt."
"s19367","ger","keine Idee"
"s19368","ger","Subjektive Beurteilung, ob eine Situation richtig / falsch, wahr / unwahr ist."
"s19371","ger","Könnte ein Test sein wie sehr man auf die kompetenz der leute vertraut. Regel Nr 1 : Vertrauen ist gut Kontrolle ist besser."
"s19375","ger",".-"
"s19377","ger","Wie wirkt sich die Formulierung eines Szenarios auf die Entscheidung bzw. Einstellung aus ?"
"s19381","ger","Erkenntnis über die Interpretation von Menschen im Kontext bestimmter Umstände."
"s19388","ger","Ein überprüfen/ verstehen des Textverständnisses"
"s19390","ger","Konzentration prüfen"
"s19396","ger","text und lese Verständnis der Teilnehmer zu prüfen"
"s19397","ger","Aufmerksamkeit des Lesers testen. Wahrheit von Unwahrheit unterscheiden bzw. Präzision in der Wiedergabe mittels Antwortmöglichkeit überprüfen."
"s19412","ger","Sprachverständnis, Trugschlüsse"
"s19413","ger","Mißverständliche Mitteilungen oder sogar gewollt manipulierende Sprache. -Die Forschung dazu."
"s19443","ger","Die Idee der Studie besteht meiner Vermutung nach darin, nach Altersgruppen gestaffelte Diagramme zu erstellen, inwiefern jeweilige Menschen mit komplexen und manchmal auch verwirrenden Sätzen zurechtkommen und die wichtigen Informationen herausfiltern können."
"s19451","ger","Genaues Hinschauen beim Lesen, Leichtgläubigkeit, Analysefähigkei zum Beispiel "
"s19452","ger","genau darüber habe ich nachgedacht und keine Antwort gefunden
Aufmerksamkeitstest? Gedächtnisleistung?"
"s19481","ger","Kleine aber entsccheidende unterschiede in informationen"
"s19516","ger","Einen aktuellen Stand zur Entwicklung der deutschen Sprache zu erhalten, insbesondere über den alltäglichen Gebrauch der Wörter """"""""wissen"""""""" und """"""""glauben""""""""."
"s19532","ger","Sprachlichen Unterschied zwischen glauben und wissen? Bzw ob Wortwahl die Antwort beeinflusst"
"s19544","ger","Ich denke der Zweck war, herauszufinden, wie Menschen Texte lesen und wahrnehmen."
"s19553","ger","Herauszufinden, wie Menschen über einen Sachverhalt denken, indem die Protagonisten etwas anderes, als dem Leser offensichtliches für richtig halten."
"s19554","ger","Die jeweils beschriebenen Personen haben geglaubt aufgrund bestimmter Merkmale einen Gegenstand / ein Tier mit Sicherheit zu bestimmen. Mit der Frage danach, ob sie das nur glauben oder wirklich wissen und welche Umstände dazu beigetragen haben, wird unser immer sicher geglaubtes Wissen in frage gestellt. Wir glauben häufig aufgrund bestimmter Merkmale oder Umstände etwas sicher zu wissen und schließen andere Eventualitäten aus. 
Wenn wir als Leser die Informationen aus dem Texten nicht gehabt hätten, wäre die Antwort vermutlich anders ausgefallen. Denn wenn wir nur gewusst hätten, dass Gerd Andi ein Haus zeigt, Andi dann ein Haus sieht und sagt """"""""Haus"""""""" hätten wir Andis wissen wohl nicht in Frage gestellt. "
"s19585","ger","Man will begreifen wie Menschen die selben Sachverhalte unterschiedlich auffassen und durch welche Methoden man diese Auffassungen beeinflussen kann, bzw., durch welche Mittel der deutschen Sprache man zu bestimmten Ansichten """"""""leiten"""""""" kann."
"s19612","ger","Unterschiede zwischen geglaubten Wissen und 'echtem' Wissen"
"s19614","ger","Inweifern beeinflusst die Reihnfolge der Ereignisseob wir leuten glauben oder nicht/ denken sie seinen im Recht/Unrecht"
"s19632","ger","Gefühl dafür zu bekommen, ob Menschen sich eher als aktiv handelnde Subjekte verstehen oder ob sie ihre Taten eher als Ergebnis des Zusammenspiels zufälliger äußerer Faktoren betrachten. "
"s19638","ger","Herauszufinden, wovon abhängt, was Menschen für Wahrheit oder Wissen halten?"
"s19671","ger","Sie beschäftigt sich mit dem soziologischen Aspekt, dass wir nur glauben Dinge zu wissen.
Nur weil ein Schaf auf einer Seit weiß ist, muss es nicht auf der anderen Seite auch weiß sein."
"s19676","ger","evtl. ob man je nach Geschlecht eher dafür entscheidet, ob die Person das vermeintliche """"""""Richtige"""""""" weiß oder ob es """"""""eben nur Glück war"""""""""
"s19680","ger","Die Untersuchung, wie schnell man einem in ein Verhalten verfällt nach Muster zu antworten und nicht mehr auf genau Wortwahl etc. zu achten."
"s19696","ger","Einfluss Sprache auf Unteilsvermögen"
"s19726","ger","inwiefern sich die studienteilnehmer in die personen aus den szenarien hineinversetzen kann (bzgl. glauben und wissen)"
"s19879","ger","Herauszufinden wie Menschen etwas wahrnehmen/urteilen über andere Personen, wenn diese in einer Situation etwas behaupten/glauben was sie eigentlich nicht wissen können. "
"s19893","ger","Es geht möglicherweise, um die Wirkung von Sprache und wie uneindeutig/mehrdeutig Sprache sein kann"
"s19927","ger","Urteilungsvermögen testen, Optimismus und Pessimismus"
"s19948","ger","Die Defintion von """"""""Wissen"""""""". Wie kann man überhaupt etwas """"""""wissen""""""""? Platos Höhlengleichnis usw..."
"s20957","ger","idk"
"s20975","ger","Gettier case"
"s21012","ger","test"
"s21086","ger","Denkmuster zu ergründen"
"s21214","ger","lkcylkc"
"s21272","ger","TEST"
"s21296","ger","TEST"
"s21378","ger","fdsfvsdv"
"s21402","ger","Beobachtung von Aufmerksamkeit durch Hinzugabe oder Vorenthalten von Informationen"
"s21403","ger","Interpretation von Erzählungen, Wirkung von Sprache."
"s21404","ger","Nutzung unterschiedlicher Wortwahl impliziert bestimmte Vorahnungen"
"s21406","ger","Lernen und Merken
Was behalten wir wirklich und was stimmt wirklich mit dem Sachverhalt überein?"
"s21408","ger","Forschung des Zufalls? Aufmerksamkeit des Lesens? "
"s21410","ger","Wahrnehmung"
"s21411","ger","keine Idee"
"s21413","ger","Konzentration / konzentriertes Lesen / kognitive Fähigkeiten / Zusammenhänge erkennen"
"s21414","ger","Überprüfung des Leseverständis. "
"s21422","ger","Aufmerksamkeit für Details?"
"s21427","ger","Zu testen, wie unterschiedlich Menschen Informationen verarbeiten."
"s21430","ger","zu beurteilen, wie Aussagen aufgefasst werden und ob man Aussagen kritisch hinterfragen sollte"
"s21431","ger","Wie aufmerksam man sich die Sachverhalte durchliest bevor man weiß welche Fragen kommen"
"s21432","ger","Erinnerungsvermögen und Beeinträchtigung hiervon."
"s21438","ger","Aufmerksamkeit"
"s21439","ger","Den Unterschied zwischen glauben zu wissen und wissen herauszuarbeiten"
"s21442","ger","Verstehen und Wiedergabe von Geschichten."
"s21443","ger","unterschiedliche Wahrnehmungen"
"s21445","ger","Es geh vielleicht um Sprache und um Wahrnehmung "
"s21449","ger","Bedeutung, Interpretation bzw. Verwendung von bestimmten Begriffen"
"s21452","ger","Welchen Einfluss die Struktur und die Wortwahl in Texten auf die Wahrnehmung haben."
"s21458","ger","Oftmals glauben wir zu wissen was wir sehen, was jedoch nicht immer zutreffend ist. Dadurch, dass im Text stellenweise aufmerksam gemacht wird, was die Peson meint zu sehen beeinlusst dies unsere Entscheidung, ob die Person bspw. weiß oder nur glaubt was das Objekt/ der Gegensatand ist."
"s21459","ger","Wirkung von Sprache auf persönliche Einschätzung von Mitmenschen"
"s21461","ger","Gute Frage"
"s21462","ger","kommunikationsfähigkeit und verständis der anderen"
"s21464","ger","Zweck: Konzentration und Merkfähigkeit, bei dem letzten Text hat man sich die Fragen gemerkt und beim Lesen des Textes schon im Kopf gehabt"
"s21467","ger","Eventuell herauszufinden, was Befragte sich aus dem Kontext eines Textes erschließen. "
"s21469","ger","Die Einschätzung von fremden Personen, ob Aussagen und Entscheidungen aufgrund von Wissen oder dem Glauben etwas zu wissen."
"s21471","ger","Zu erkennen, welche Perspektive der Proband einnimmt, also ob er sich in die Lage des Person in der Geschichte versetzt oder ob er sein Wissen der Situation verwendet und antwortet."
"s21473","ger","Vorurteile bei Entscheidungen von Männern und Frauen, wem wird mehr Expertise zugetraut"
"s21474","ger","Ob die """"""""Fragen"""""""" / """"""""Antworten"""""""" bei den Szenarien gleich bleiben, trotz unterschiedlichen Umständen."
"s21476","ger","Keine Idee"
"s21480","ger","Intensivität der Texte prüfen, ob Menschen die Texte auch richtig durchlesen oder nur grob überfliegen. Augen fürs """"""""Detail""""""""."
"s21481","ger","Wie viele Informationen aus Sachtexten behalten werden können und wieder gegebenkönnen anhand weniger widerholter Informationen "
"s21486","ger","Das genaue Lesen der Fragestellungen, da viele Fragen ein falsche Fährte gelegt haben."
"s21488","ger","Ich könnte mir vorstellen, dass diese Studie dazu dient zu erforschen, wie schnell sich ein Mensch auf unterschiedliche Szenarien einstellen kann und die jeweils gleichen Fragen hierzu richtig beantwortet. "
"s21498","ger","Einschätzung von Wissen oder Glauben"
"s21500","ger","Unterschied zwischen glauben und wissen, abhängig davon wie wahrscheinlich etwas ist."
"s21505","ger","Leseverständnis ermitteln"
"s21506","ger","Aufmerksamkeit überprüfen"
"s21509","ger","Wirkung von Sprache"
"s21511","ger","Das Szenatrio vor Augen zu haben."
"s21516","ger","Die Einschätzung von Situation und Person"
"s21521","ger","Textverständnis testen"
"s21523","ger","Zu ermittlen, dass wir eigentlich nichts wissen, sondern meistens nur glauben etwas zu wissen"
"s21526","ger","Die Formulierung von Sätzen, sodass deren Sinn eindeutig wahrgenommen werden kann. "
"s21529","ger","Zu Untersuchen, in wie weit Menschen bestimmte EIgenschaften/Fähigkeiten zugeschrieben werden. "
"s21530","ger","Um sich eventuell selbst zu reflektieren im Bezug auf Glauben und Wissen."
"s21531","ger","Herauszufinden, wie wir mit """"""""Glauben"""""""" und """"""""Wissen"""""""" umgehen. Und wie die genaue Definition davon lautet. "
"s21532","ger","Darstestellen, Verstehen und Begründen von Handlungen und Äußerungen anderer Personen"
"s21533","ger","Einschäzung der Probannden, wenn alles Aspekte des gezeigten Szenarios bekannt sind."
"s21536","ger","Vielleicht das Antwortverahlten der Probanden"
"s21541","ger","Überprüfung des Kurzzeitgedächtnis"
"s21542","ger","Herauszufinden wie unterschiedlich Geschichten wahrgenommen werden können"
"s21544","ger","Der Zweck der Studie ist herauszufinden auf welcher Basis Urteile gefällt werden"
"s21545","ger"," -genaues Lesen
-Dinge hinterfragen
"
"s21546","ger","Den Unterschied zwischen Wissen und Vermuten näher zu untersuchen "
"s21547","ger","internationale Unterschiede in der Wahrnehmung von Texten festzustellen (mit Fokus auf Sprachen)"
"s21549","ger","Keine Ahnung"
"s21551","ger","Kontrolle der Aufmerksamkeit beim lesen "
"s21555","ger","Das Herrausfinden, wie Menschen gewissenen Handlungen interpretieren"
"s21556","ger","Ethische Hintergründe"
"s21557","ger","Verständnis von Sprache"
"s21559","ger","Anfangs dachte ich, der Zweck der Studie bezieht sich auf die spezifischen Rahmenbedingungen, in denen die beschriebenen Personen handeln und unterschiedliches Wissen bezüglich der persönlichen Einschätzung des/der Gegenstände haben. Ich könnte mir aber nach Abschluss der Studie vorstellen, dass es """"""""nur"""""""" um die Art und Weise geht, wie Studien ausgefüllt oder Fragen beantwortet werden. "
"s21562","ger","Ich denke, dass es bei der Beantwortung der Fragen kein wirkliches richtig oder falsch gibt, sondern ob sich die Testpersonen verunsichern lassen."
"s21563","ger","Keine Ahnung"
"s21564","ger","Aufmerksamkeit prüfen"
"s21569","ger","Ich denke es geht darum heraus zu finden, wann wir etwas von außen betrachtet als richtig oder falsch wahrnehmen und wie wir dies wiedergeben"
"s21572","ger","Herauszufinden wie aufmerksam gelesen wird, Meinungsbildung, wie sicher man sich tatsächlich einer Sache sein kann, hinreichende Recherche vor Meinungsbildung"
"s21579","ger","Genaues Lesen"
"s21580","ger","Situationen richtig erkennen, richtig lesen, Wahrnehmung"
"s21581","ger","Was Menschen über andere Personen denken"
"s21582","ger","Interpretation von Sprache"
"s21583","ger","Wahrnehmung soziales Umfeld?"
"s21584","ger","Was Sprache zur Bewertung einer Situation beiträgt"
"s21585","ger","Textverständnis, Interpretation, Auslegung"
"s21586","ger","Wie gut man den Kontext der Aufgaben durch Lesen durchblicken und merken kann. Außerdem wird denke ich das logische Denken gefördert. Ferner wurde auch geprüft,  wie gut man sich in die Situationen reinfinden/vorstellen kann. Letztendlich wurde durch die Aufagben auch deutlich gezeigt, dass man nie etwas zu 100% weiß, sondern nur annehmen kann, dass es möglicherweise so ist. Oft verfügt man über fehlende Kenntnisse und Informationen in verschiedenen Situationen. "
"s21591","ger","Wie erfolgreich die richtige Wiedergabe von gesammelten Informationen über Personen ist"
"s21594","ger","nein"
"s21595","ger","wie Sprache sich auf das Verständnis auswirkt"
"s21597","ger"," -Unterscheidung von Glauben & Wissen
-Verständnisunterschiede"
"s21599","ger","Überprüfung, wie sehr wir Dinge, welche uns bekannt erscheinen hinterfragen"
"s21600","ger","Herauszufinden wie und wann man bestimmte Wörter einsetzt, glauben/wissen, Satzformulierungen etc."
"s21603","ger","Aufmerksamkeit testen "
"s21605","ger","Ich denke die Studie versucht raus zu finden wie genau man die Texte gelesen hat und ob man aufgrund von Kentnissen (Expertenwissen) Dinge tatsächlich wissen kann oder ob es nur  Vermutungen sind. "
"s21607","ger","Einschätzen verschiedener Situationen"
"s21608","ger","Wahrnehmungen der Zuhörer/Leser
Einschätzung der Zuhörer/Leser darüber, wie bewusst das Wissen der Subjekte in den Szenarien ist   "
"s21610","ger","Anhand der unterschiedlichen Szenarien festzustellen, ob bei vergleichbaren Grundlagen der
Betrachter subjektiv eine übereinstimmende oder differenzierte Wertung über
""""""""unbegründet"""""""" oder """"""""begründet"""""""" vornimmt!"
"s21611","ger","Inwieweit man das gelesen richtig verstanden hat und wiedergeben kann. "
"s21614","ger","Einfluss der eigenen Wahrnehmung und das damit verbundene Verhalten"
"s21618","ger","Der Einfluss des sprachlichen Ausdrucks auf die Interpretationen/Sichtweisen  "
"s21619","ger","das Denken/Denkvermögen des Menschen zu analysieren"
"s21624","ger","logisches Schlussfolgern"
"s21625","ger","Situtationen nahand von Texten einzuschätzen"
"s21626","ger","Aufmerksamkeit? Oder Schlüsse ziehen?"
"s21627","ger","Mehrdeutigkeit"
"s21631","ger","Ich denke das die Konzentration untersucht wird und wie genau die Texte durchgelesen wurden sind. Außerdem könnte es um das Verständnis gehen, inwiefern der Befragte die Texte interpretiert hat. "
"s21632","ger","Überprüfung, ob die Meinung konstant ist"
"s21633","ger","Aufnerksamkeit/Sprachgebrauch"
"s21634","ger","Der Unterschied zwischen """"""""glauben etwas zu wissen"""""""" oder es """"""""wissen"""""""". Denn manchmal ist das Wissen nur auf Vertrauen basiert. Man vertraut, dass etwas, was aussieht von außen wie ein Haus, auch wirklich von innen ein Haus ist. Man vertraut, dass eine Kette, welche im Geschäft als Diamantenkette verkauft wird, auch wirklich Diamanten enthält. Wissen können wir es nur, wenn wir uns tief damit außeinander gesetzt hätten - also vertrauen wir und glauben nur etwas zu wissen."
"s21637","ger","Unterschiede in der Interpretation von Erzählungen"
"s21639","ger","Hinterfragen von Dingen "
"s21640","ger","Warum bestimmte Sachverhalte, welche ähnliche Bedingungen aufweisen, unterschiedlich bewertet werden."
"s21641","ger","Text verstehen und wiederzugeben"
"s21643","ger","Wahrnehmung von Kompetenz. "
"s21644","ger","Eventuell die Wahrnehmung verschiedener Szenarien"
"s21646","ger","Entscheidungsfindung der Menschen und die Begründungen"
"s21650","ger","Genaues Lesen von Texten
Zusammenhänge besser verstehen
Auf Genauigkeiten achten und nicht nur """"""""Überfliegen"""""""" von Texten"
"s21651","ger","Wie gut man Einzelheiten eines Textes warnimmt und diese wiedegeben kann. Inwiefern man sich an die wichtigen Stellen erinnern kann."
"s21653","ger","Textverständnis der unterschiedlichen Nationlitäten (Deutsch als Kindersprache/erlerntes Deutsch/etc.)"
"s21656","ger","Aufmerksamkeit, Einfluss der Anordnung von Informationen und sprachlicher Einfluss"
"s21657","ger","Beeinflussung der Antworten auf Grund zuvor gelesenen Vermutungen"
"s21660","ger","Die richtige Wiedergabe der Informationen, Untersuchung der Kognition. "
"s21661","ger","Sprache zu erforschen."
"s21664","ger","Auffassungsgabe und Konzentration"
"s21667","ger","Aufmerksamkeitsüberprüfung"
"s21668","ger","Es hat etwas mit der deutschen Sprache zu tun."
"s21670","ger","Herauszufinden, wie die Darstellung/Formulierung von Informationen Menschen in ihrer finalen Wahrnehmung und Beurteilung beeinträchtigt."
"s21672","ger","Unterschiede zwischen der tatsächlichen Realität und der wahrgenommen Situation."
"s21673","ger","Täuschungen und dass was man denkt, auch als richtig zu halten zu hinterfragen. "
"s21674","ger","Untersuchung von Empfindung der Sprache"
"s21676","ger","Meiner Meinung nach könnte der Zweck dieser Studie sein, zu analysieren, wie empfangene Informationen, korrekt interpretiert bzw. wie sie weitergegeben werden und welche Auswirkungen unterschiedliche Satzformulierungen auf die Wahrnehmung der Informationen des Individuums haben. "
"s21683","ger","Erfahrungen über Glauben und Wissen zu erlangen.
Was meine wir zu wissen und was wissen wir wirklich.
Unterschied Realität und eigene Wahrnehmung."
"s21684","ger","Es wird versucht herauszufinden, wann man eine Fehleinschätzung trifft obwohl man sich sehr sicher ist. So kann es vorkommen, dass dem unwissenden plötzlich glauben geschenkt wird"
"s21685","ger","Herauszufinden, wie sicher wir in verschiedenen Situationen von etwas ausgehen, obwohl wir die Hintergründe überhaupt nicht kennen.
Wie manipulativ sind wir. "
"s21686","ger","Der Zweck dürfte darin bestehen, das inhaltliche Erfassen eines komplizierten Textes zu erforschen, vor allem das herausfiltern wesentlicher Informationen."
"s21687","ger","Herrauszufinden, wie Menschen Aussagen von anderen als Wissen oder Zufall einschätzen"
"s21689","ger","Die Bedeutung von """"""""etwas Glauben"""""""" und """"""""etwas Wissen"""""""" im Bereich der Forschung zu untersuchen"
"s21691","ger","Heraus zu finden, wie man Geschichten versteht, wenn der Leser mehr Hintergrundwissen hat, als die Personen in den Geschichten"
"s21692","ger","Richtige Interpretation und unterschiedlichkeit im Verständnis der Texte."
"s21693","ger","Herauszufinden, wie glaubwürdig die Aussagen einiger Menschen in Zusammenhang mit der Situation und dem Umfeld sind"
"s21694","ger","Geschichten / Erzählungen mit der Meinungsbildung von Dritten"
"s21695","ger","Herausfinden zwischen dem eigentlichem Wissen und Glauben es zu wissen."
"s21697","ger","Man möchte evtl. herausfinden, ob gleichbleibende Antworten für verschiedene Situationen gegeben werde Dörrobst Wiedersprüche entstehen."
"s21698","ger","Eine studie zu erstellen, die erläutern soll, dass was Menschen denken (glauben) nicht gleich belegt ist (wissen)."
"s21701","ger","Unterscheidung von tatsächlichem und gelaubtem Wissen"
"s21704","ger","Zu sehen, zu welcher Einschätzung der Situation man aufgrund von mehr Informationen kommt und wie man die Annahmen der verschiedenen Personen beurteilt"
"s21706","ger","Verständnis/Interpretation von Gelesenem"
"s21711","ger","Sprachverständnis; Konzentration; Hinterfragen """"""""glauben"""""""" / """"""""wissen"""""""""
"s21712","ger","Leider keine Idee."
"s21713","ger","beinflussen Sprache, Framing die Aufnahme der Situation und Bewertung"
"s21715","ger","Wie sehr Außenstehende, Fachwissen von einzelnen glauben."
"s21716","ger"," Zu sehen, dass jeder Mensch seine eigene Geschichte erzählt anhand von seinen Erfahrungen. Jeder hat einen anderen Bezug zu gewissen Themen "
"s21718","ger","Denkmuster, Entscheidungen und Wahrnehmung"
"s21720","ger","Bewertung der Situation unter Sozialpsychologischen Gesichtspunkten. Wird die Situation dispositional oder situativ beurteilt."
"s21726","ger","Aufmerksamkeit während des Lesens, subjektive Wahrnehmung"
"s21728","ger","Eventuell geht es um die Betrachtung durch Erfahrund von Menschen, ob diese durch Erlentes wissen oder nur glauben zu wissen"
"s21732","ger","Ich denke es soll gezeigt werden, dass das was auf den ersten Blick für selbstverständlich erscheint bei genauerer Betrachtung und bei hinzufügen weiterer Informationen auch anders sein kann als zuerst gedacht."
"s21734","ger","Wortwahl beeinflusst die Wahrnehmung, Kommunikationsart, Feingefühl für Sprache"
"s21737","ger","Ich glaube es geht darum, zwischen Vermutungen und Wissen zu unterscheiden, bzw. herauszufinden, was es für die einzelnen probanden bedeutet."
"s21740","ger","Aufmerksamkeit beim lesen und verstehen von Texten sowie die Einschätzung von Situationen, wenn etwas an Hintergrundwissen angegeben wird. "
"s21742","ger","Entweder eine Studie für aufmerksames Lesen oder in wie weit den einzelnen Personen in den unterschiedlichen Szenarien jeweils Kompetenz zugesprochen wird. Wann sind wir der Meinung dass unser gegenüber etwas weiß oder nur glaubt zu wissen, wäre noch eine Alternative.  "
"s21743","ger","Es hat denke ich mit der subjektiven Sichtweise von Situationen und Ereignissen zu tun, vielleicht auch inwiefern die Sprache die Sichtweise lenken kann. "
"s21746","ger","Ich denke es hat was mit Heuristiken und den zwei Systemen im Kopf zu tun."
"s21748","ger","Unterscheidung von Wissen und Glauben"
"s21749","ger","Abgleich von Realität und Wahrnehmung"
"s21750","ger","Konzentration, Aufmerksamkeit "
"s21751","ger","Test der Konzentrationsfähigkeiten, Leseverständnis"
"s21754","ger","Ich bin mir nicht sicher"
"s21755","ger","Es gibt hierbei kein richtig oder falsch, sondern es geht um Einschätzungen. "
"s21756","ger","Herauszufinden, wann Menschen von """"""""sicheren Informationen"""""""" ausgehen und wann von Spekualtion. "
"s21759","ger","Herauszufinden, wie aufmerksam man den Text liest und wie man den Text versteht. Ferner denke ich, dass man außerdem herausfinden will ob man eher Optimist ist oder nicht und ob man an die Fähigkeiten anderer glaubt."
"s21764","ger","Ich bin mir nicht sicher, aber ich denke wir unterschiedliche Menschen Sprache aufnehmen und verstehen"
"s21765","ger","Ob unterschiedliche Szenarien zu unterschiedlichen Schlussfolgerungen führen. Es werden Szenarien dargestellt welche Unterschiedliche Situationen beschreiben. Zum Beispiel Vertrauen, Wissen, Glaube usw. "
"s21767","ger","individeulle Wahnehmung von Kommunikation"
"s21770","ger","semantische Interpretation von linguistisch vagem Input? Zuordnung, ob man eine Fehleinschätzung/ eine korrekte Einschätzung externalisiert oder internalisiert?"
"s21771","ger","Wahrheiten von Unwahrheiten unterscheiden."
"s21774","ger","Die unterschiedliche Wahrnehmung von subjektivem Erleben."
"s21775","ger","Lesebereitschaft von Personen zu testen
Textverständnis von Personen zu testen
"
"s21777","ger","Erinnerungen, Gedächtnis"
"s21779","ger","Unterschiede in der Wortbedeutung und Wirkung der Wörter """"""""Wissen"""""""" und """"""""Glauben"""""""" erörtern."
"s21784","ger","Einschätzung bestimmter Situationen durch die geschriebene Sprache"
"s21785","ger","Um den Grad des Verständnisses einer Person beim Lesen einer Geschichte, Texten zu kennen. "
"s21786","ger","Leider habe ich keine Idee."
"s21789","ger","Einschätzung zur Glaubwürdigkeit"
"s21792","ger","Analyse von Wahrnehmungen 
Glauben und Wissen gegenüberzustellen"
"s21794","ger","k.a."
"s21795","ger","Unterschiede in der Einschätzung verschiedener Szenarien"
"s21797","ger","Ich weiß es nicht "
"s21801","ger","Einschätzen von Realität und Täuschung: Wie werden Entscheidungen hinsichtlich dessen getroffen? 
"
"s21802","ger","das Niveau des Leseverständnisses, das eine Person hat, zu kennen. "
"s21803","ger","Das Verständnis und Auffassung zu geschriebenen Texten."
"s21805","ger","Der Zweck ist bestimmt zu prüfen, ob man mit einer speziellen Verwendung von Sprache die Wahrnehmung der Probanden beeinflussen kann."
"s21810","ger","Ich habe ihn leider nicht heruasgefunden"
"s21811","ger","Herauszufinden, ob wir Fehleinschätzungen den Kenntnissen der Menschen zuschreiben oder den Umständen"
"s21818","ger","Sensibilisierung für die Anwendung von Sprache. "
"s21819","ger","Unterschied zwischen glauben und wissen raus finden"
"s21821","ger","Herauszufinden wie genau Menschen lesen und was sie teilweise hineininterpretieren."
"s21823","ger","Gedankengänge bzw. Einschätzungen nachvollziehen"
"s21826","ger","Konzentration, ob die Aufgaben auch richtig gelesen wurden, aber auch hypothetische Aufstellung, welche Möglichkeiten/ Umstände gegeben sind und welche hinzugefügt wurden. "
"s21829","ger","Entscheidungsfindung untersuchen. Umgang mit Sicherheit bzw. dem Eindruck von Sicherheit"
"s21833","ger","Dass man sich nie zu 100% sicher sein kann"
"s21835","ger","Behauptungen über was der Mensch weiß und was er denkt zu wissen"
"s21838","ger","Sehr Abwechslungsreich"
"s21839","ger","Meiner Meinung nach hat die Studie versucht herauszufinden, inwieweit man die Beurteilung einer Situation oder Person  durch zusätzliche irreführende Infos. beeinflussen kann. "
"s21843","ger","Zuhören, Aufnahme von Informationen, Einschätzen von Personen und Situationen"
"s21844","ger","Eventuell Glaubwürdigkeiten zu untersuchen?"
"s21846","ger","..."
"s21847","ger","Wird der Richtungswechsel in einer Erzählung bemerkt und lässt sich der Leser davon beeinflussen."
"s21850","ger","Herausfinden ob wir nur glauben etwas zu wissen, oder ob wir wissen etwas zu wissen. Woher wissen wir, dass wir etwas wissen."
"s21852","ger","Unterschiedliche Art und Weise wie Geschichten erzählt und wahrgenommen werden."
"s21854","ger","Entscheidungen treffen und Situation einschätzen"
"s21856","ger","Inwieweit man überzeugt ist, von den Situationen, die man wahrnimmt, aber nicht die Hintergründe nicht hinterfragt, sondern davon ausgeht, dass das was ich weiß und das was ich wahrnehme auch tatsächlich so ist."
